Date,Close,High,Low,Open,Volume
2020-01-02,208.08885192871094,208.08885192871094,205.99024284000404,206.39455878794698,30969400
2020-01-03,206.18284606933594,207.42468770880404,205.31645654011845,205.33571388427097,27518900
2020-01-06,207.51126098632812,207.5401396493011,204.31523320861092,204.56551985072494,21655300
2020-01-07,207.48236083984375,208.06958474123246,206.82775829484316,207.5882541561284,22139300
2020-01-08,209.04185485839844,209.9948946485339,207.12616864409372,207.45346989721557,26397300
2020-01-09,210.81321716308594,211.21753317284433,209.58101179361842,210.7650811571285,23547000
2020-01-10,210.2740936279297,211.66032820349986,209.8986563211332,211.64108555426068,21898500
2020-01-13,212.70004272460938,212.72892139275268,210.80359850827728,211.14053588867964,22756900
2020-01-14,211.86251831054688,212.95033037063425,211.53521696666027,212.59413567141934,24418100
2020-01-15,211.94912719726562,212.94066711688131,211.25600991708154,211.97800585985289,25742100
2020-01-16,213.9803466796875,214.0188613564895,212.55561210796517,213.0080640815941,18805000
2020-01-17,215.03932189941406,215.21259391168377,213.82635905733343,214.94304987767654,24325200
2020-01-21,214.9430694580078,215.4821575751307,214.3462239982003,214.4424813396582,21146300
2020-01-22,215.51097106933594,216.7431763041171,215.24142709229287,216.03081637437975,20736400
2020-01-23,216.20411682128906,216.30038883535866,214.38468739213076,215.38586345788542,26496100
2020-01-24,214.3845977783203,217.44586733973466,213.3930581418692,217.2148234159733,37436500
2020-01-27,209.95643615722656,211.09236944455108,209.07077483169581,209.5424841584409,42264400
2020-01-28,213.18133544921875,213.67230209824288,210.88057559990997,211.43892089957654,26731900
2020-01-29,213.52793884277344,214.60611499136584,212.58453471275507,214.36544962326587,28924500
2020-01-30,214.28842163085938,214.38467895209246,211.48707358685505,212.15131226626292,39568100
2020-01-31,210.89028930664062,215.2126306032744,210.1393997249749,215.18375192963927,52015800
2020-02-03,214.07666015625,214.567612212749,211.77589985461663,211.9202931979845,25408600
2020-02-04,218.97657775878906,219.3520150965256,216.2618657097352,217.00311905979584,30691200
2020-02-05,219.6985626220703,221.6527638820413,218.37972134420056,221.61426389329836,38534800
2020-02-06,221.594970703125,221.65272802141786,219.46748311539727,220.2472362904374,22467100
2020-02-07,220.64193725585938,221.83564239487563,220.00657735820346,220.60343727223344,25884900
2020-02-10,223.30853271484375,223.3181540393469,219.8525823314005,219.9103396565095,21478900
2020-02-11,223.34707641601562,225.2820353201535,222.75985234739906,224.54078189506916,30198000
2020-02-12,225.5226593017578,225.62855262876883,224.1075460630854,224.66589136104858,24471300
2020-02-13,225.23385620117188,226.15800278500447,223.68397098484598,223.9535149625509,22773200
2020-02-14,225.87884521484375,226.09063187443948,224.82954793078483,225.59004388911814,23438500
2020-02-18,225.96548461914062,226.3890579447303,224.54074999683095,224.78141532373002,24394500
2020-02-19,228.13148498535156,228.6031943398197,227.04368763707714,227.3132316427599,22230500
2020-02-20,226.01364135742188,228.10261482386827,223.2219291848919,227.6309201408609,42604000
2020-02-21,221.6720428466797,225.27238705173554,220.75751746209775,224.887328370558,66017200
2020-02-24,213.1236114501953,215.87682370236712,212.0357993437528,213.40277679916014,84522600
2020-02-25,207.32838439941406,215.62653579132436,206.72191769607358,214.9141610556472,97743000
2020-02-26,208.39694213867188,212.05505850846635,206.875935317424,208.61836484356425,79537700
2020-02-27,197.96163940429688,208.33912548414438,197.82686743010575,203.0252317935276,121822600
2020-02-28,198.11570739746094,199.43454873734376,190.77059664727153,191.2230486537657,148173700
2020-03-02,208.33920288085938,208.4836109212388,198.25051433754896,201.08074153601797,112933900
2020-03-03,201.65829467773438,211.41005881468837,199.86774398634094,209.00340544932334,131953500
2020-03-04,210.0719757080078,210.17786905149774,203.47773912232438,205.35494063774132,73086200
2020-03-05,203.68951416015625,208.2814129720825,202.2551581310623,204.74844753449452,78705500
2020-03-06,200.25282287597656,201.34062023865172,195.33362267357404,197.02790140158754,89828400
2020-03-09,186.34239196777344,193.64898916317597,184.93689972694642,186.25574126985805,116424000
2020-03-10,196.48883056640625,196.67173859347517,186.4482639320729,193.6008461955448,100599200
2020-03-11,187.9307403564453,193.25425617585452,185.53370842889754,191.9065362300721,89168800
2020-03-12,170.6990966796875,183.65650863431884,170.33328071109597,175.2909801794273,137820700
2020-03-13,185.1582489013672,187.21834325086076,171.47884168071033,180.08503502968375,134882000
2020-03-16,162.9785614013672,177.78428224075182,162.8437894066201,167.6474599036412,92054400
2020-03-17,175.33914184570312,177.5051299343978,163.44064669091188,168.918192252125,121257100
2020-03-18,170.0059814453125,172.5281492023074,160.5718983230018,165.202296553107,114156300
2020-03-19,171.02645874023438,176.63877747861915,165.2216106248843,169.13001426457407,120896500
2020-03-20,164.3262939453125,176.04188112854132,163.7487059331409,174.9540837622137,118983900
2020-03-23,164.4449920654297,168.06266598281076,159.11011538587377,164.88875182256416,124639800
2020-03-24,177.1791534423828,177.34315284922098,171.67063696878748,173.5614805023816,94881800
2020-03-25,175.8671417236328,182.82271258391634,173.6290010211754,177.91232809492413,88754900
2020-03-26,185.12840270996094,185.91947436692502,177.13093911251065,177.38175917136832,79887600
2020-03-27,178.76129150390625,183.78743713744916,178.14387587751088,180.33376341717982,58845000
2020-03-30,185.263427734375,185.69756024276714,179.76456807167224,180.45916242068188,49356900
2020-03-31,183.68130493164062,188.36016773929651,182.5236525554176,184.95473284972996,62659300
2020-04-01,175.87680053710938,181.0380202669156,174.47796982315774,178.25000066836228,53715400
2020-04-02,179.44618225097656,183.39186790261192,174.5840373099753,174.8445138290625,56465300
2020-04-03,176.89935302734375,180.46880159060956,174.89274895902759,179.00243424831183,47487600
2020-04-06,189.54676818847656,190.67548040616995,182.51401830274105,183.75849134675707,64763500
2020-04-07,189.46957397460938,195.50868507557513,189.08369477137842,195.22891014093685,69904500
2020-04-08,193.4924774169922,194.0712963367422,189.24773173707067,191.15785919684234,45940400
2020-04-09,193.77220153808594,196.04892419321612,192.0067754575091,195.20962881995843,68252600
2020-04-13,195.8656463623047,196.24188378038906,191.73667659243273,192.94256764018388,42853900
2020-04-14,204.38404846191406,205.0014640471716,199.13600862705067,199.9174236171041,63959600
2020-04-15,202.03981018066406,204.35512991098545,199.81132579648803,201.12333589423176,47036000
2020-04-16,205.72500610351562,206.8054797369004,202.29063086567177,204.22005647977275,64657400
2020-04-17,207.6929931640625,208.86994384961935,204.59627360380796,208.54194506062095,62863200
2020-04-20,205.23301696777344,208.26221472736088,205.06901754974783,205.83113422414328,38249100
2020-04-21,197.6599884033203,203.7087412730322,196.44445567672878,203.16850450565815,72932800
2020-04-22,203.52545166015625,204.856759976232,200.97861056876033,201.72144351385245,40089100
2020-04-23,203.09133911132812,206.8730114526164,202.6861615090846,204.3165137465589,43278500
2020-04-24,206.294189453125,206.73796383493092,202.10733927501343,203.5254683224947,34231900
2020-04-27,207.9534912109375,208.98574098460935,206.93089798640045,208.5612649924583,36451700
2020-04-28,204.03675842285156,209.6513940182693,203.7569981861285,209.6513940182693,46862800
2020-04-29,211.27210998535156,212.20788260903336,207.5483178689419,208.5612692855443,48716400
2020-04-30,211.1852569580078,212.2753722799079,209.68030752785754,212.18855167132557,43359500
2020-05-01,205.23301696777344,209.02433140175634,204.21040898188159,206.93090628411198,48795000
2020-05-04,207.62548828125,207.8473681017223,203.67015994573165,203.99817348249172,32841000
2020-05-05,209.9793701171875,212.3718534949346,209.19795518431812,209.76713214525415,37783100
2020-05-06,211.27210998535156,213.24011768360376,210.41351615459038,211.65798922960508,36455200
2020-05-07,213.9926300048828,214.8705075870246,212.64202306558187,213.9926300048828,38624800
2020-05-08,216.92535400390625,217.06041322776724,214.62933247791787,215.66158239770303,31852300
2020-05-11,218.8643798828125,219.8869730565774,215.37212439044205,215.60366075294203,35714100
2020-05-12,214.2820281982422,220.05102203475883,214.25308798838932,219.46254656716602,41054100
2020-05-13,211.60009765625,216.68413812912272,209.0629130544002,214.8029511519797,65521200
2020-05-14,214.00225830078125,214.04084033873212,208.36833865753698,210.27846602363584,51549300
2020-05-15,215.3914337158203,215.44931412930026,210.6257500679816,211.05986788943042,55747200
2020-05-18,219.4045867919922,220.61047758178333,217.51375827699377,218.29517315352297,42398100
2020-05-19,218.854736328125,221.73923276674577,218.7100353029218,219.66509150995978,36237300
2020-05-20,223.22486877441406,223.58180775924146,221.38226400343152,221.40156237893086,37417000
2020-05-21,220.7937774658203,223.9483919240255,220.28248094364704,223.27309601930102,43642900
2020-05-22,221.55592346191406,221.75850488665964,219.47214048530205,220.3886146113909,28762400
2020-05-26,220.9578094482422,225.32797190006696,220.71663125237555,225.12537573858546,33055300
2020-05-27,222.16368103027344,222.2794565640182,216.03776422232875,220.6201495437032,55665600
2020-05-28,221.87428283691406,225.2314789666659,220.96745052868073,221.0253309363811,42784300
2020-05-29,225.1254119873047,225.35694839194326,220.68772658068178,222.25057155137748,50691800
2020-06-01,225.80068969726562,226.1769271239198,223.81338356056148,224.2571579531959,25776000
2020-06-02,227.3152618408203,227.37314224848882,223.82299180122646,226.2251317619041,33383400
2020-06-03,228.33787536621094,229.09035017383184,227.04516374494932,227.92304120694092,37228700
2020-06-04,226.73643493652344,229.39903680936783,225.43406684460547,227.9905644471948,38716100
2020-06-05,231.2320098876953,231.82048527560306,227.31527833422862,227.88445534473067,47365600
2020-06-08,233.02638244628906,233.15178510188434,229.51482840298513,231.0873002751125,32937300
2020-06-09,234.714599609375,235.56353676380294,231.98446093967473,232.16775870539644,35046300
2020-06-10,237.53164672851562,239.07519348612885,235.8819809473121,236.4029342341565,58084400
2020-06-11,225.76205444335938,234.99434668442186,225.7041740406484,233.61481468532207,72919400
2020-06-12,227.55642700195312,231.9169176274737,223.56251717747816,230.65314639784796,72034800
2020-06-15,230.32518005371094,231.00047606686667,223.30207207619324,224.23784466597658,45307400
2020-06-16,234.28050231933594,235.76615350968348,230.66282942818094,235.177678130575,48890100
2020-06-17,235.0233612060547,236.83702623970618,234.1647672801912,235.77583611994174,34749300
2020-06-18,235.6600341796875,235.90121237208692,233.93320479906112,234.7049632384603,30578600
2020-06-19,235.62142944335938,238.2840311315775,233.89458550876847,238.02355458718583,49422100
2020-06-22,238.44720458984375,238.57282533145036,235.2001318204436,235.49003718257367,24068700
2020-06-23,240.4766082763672,242.70896797011602,239.490900584289,240.04173550092696,32767400
2020-06-24,235.51901245117188,240.95012181687974,234.02110437194023,239.72280187178637,46032400
2020-06-25,237.76101684570312,238.06059549512244,233.03536861977014,235.60597049212052,36940800
2020-06-26,232.14633178710938,237.6934186778951,231.62447264881834,237.51946071648175,52824600
2020-06-29,234.67825317382812,234.68792651572807,229.37277904446836,231.90471730298324,34377800
2020-06-30,239.2782745361328,239.8194508134417,234.42699048577506,234.6106070254222,38909200
2020-07-01,242.07113647460938,243.06651740639933,238.77574167335084,239.3169179377088,34689200
2020-07-02,243.7139892578125,245.72408299270458,243.2501260100518,244.51609503274156,31956500
2020-07-06,249.7056427001953,250.22747230938248,246.84510573209892,246.8644376699774,34589000
2020-07-07,247.98541259765625,252.11191825099766,247.68583394966709,249.4543447987828,36578200
2020-07-08,251.25189208984375,251.28088262925618,247.87919820662415,249.30946696540784,30426300
2020-07-09,253.36822509765625,254.0350368253854,248.97116062467754,253.16529137370648,40312900
2020-07-10,255.09811401367188,255.34938499343983,250.54642279249265,253.22331399209335,32885300
2020-07-13,249.85057067871094,260.7224621741702,249.02913297845316,257.9392532326297,64108100
2020-07-14,251.6190643310547,252.024961276459,244.26483277962885,247.32828858544156,72230500
2020-07-15,252.13128662109375,253.8611339497716,248.8358913323863,253.03002274749608,54523900
2020-07-16,250.41107177734375,251.0488929703051,247.0287054307238,249.34803645574152,47594100
2020-07-17,250.7009735107422,251.56104550390668,248.52659543194255,250.86524333901522,35137900
2020-07-20,257.81353759765625,258.4416852347966,250.09209049847138,251.33871243480277,40610100
2020-07-21,255.12704467773438,259.3888295312645,254.2862898173855,259.37915619065154,43243800
2020-07-22,256.0257263183594,256.9534820637487,253.72571312389627,255.6198589851517,29865500
2020-07-23,249.33840942382812,256.32539350200807,247.92745813276528,255.61994734837268,51363500
2020-07-24,246.97073364257812,248.29468380070477,242.87324769475924,245.50181607372636,54054500
2020-07-27,251.37745666503906,251.7640069121067,247.8308205460294,248.61359438120672,36445700
2020-07-28,248.1786651611328,251.11649962992138,247.88875989758623,250.5946406636491,31302400
2020-07-29,251.03916931152344,251.8992707376627,249.24169771228,249.71521946848944,27556900
2020-07-30,252.35354614257812,252.9140396342854,247.92746130972114,249.07746831922572,41774500
2020-07-31,256.8569030761719,257.01152907342157,252.0829323192016,256.9728652011358,53686300
2020-08-03,260.3262634277344,261.07037345511674,258.86700441481855,258.9926398916783,32081600
2020-08-04,261.2926330566406,261.3892779920553,259.079590850786,259.8237008188815,24911300
2020-08-05,261.94012451171875,262.3943292112802,260.8867624407989,261.77585464764775,21612100
2020-08-06,265.409423828125,265.7379929634665,261.10897555802075,261.7467966414092,28048200
2020-08-07,262.34600830078125,265.64140316954297,260.2006203903107,264.86827313898436,44969400
2020-08-10,261.22503662109375,262.83892187416535,257.70739022816736,262.63595861718676,35088400
2020-08-11,256.27716064453125,261.3507119888398,255.73598419382404,260.0653957994817,43104300
2020-08-12,262.722900390625,263.6699736732556,258.3838165950634,258.4321538139539,38773400
2020-08-13,263.32208251953125,265.5930765015088,262.38468259592787,263.4960257238545,31895700
2020-08-14,263.0127868652344,264.2111013965405,261.62118247770206,263.94051329295877,30799500
2020-08-17,266.0666198730469,266.569132278823,263.0514864545993,264.72332302121924,24803000
2020-08-18,268.6276550292969,269.101177089481,265.670501505713,267.12976106836317,23529500
2020-08-19,266.82037353515625,269.64221675710843,266.3081878446853,268.58885484621123,31999400
2020-08-20,270.52166748046875,271.0048626981277,265.6220608953523,266.0279578546199,27723400
2020-08-21,272.39642333984375,272.85062795084417,270.06741922742805,270.7149136910677,34748900
2020-08-24,274.0972595214844,276.3875995966425,271.81656329392575,275.66280694035754,36418500
2020-08-25,276.2524719238281,276.44576188898145,272.8797773228318,273.3243088523947,34866600
2020-08-26,282.1473693847656,282.3986403586406,276.2233907485783,277.4990333194689,42216700
2020-08-27,281.2679138183594,283.973824630563,279.00656382383795,283.1233963607817,49482700
2020-08-28,282.6982116699219,283.32635959628595,281.15198097217353,282.50492177324173,28021000
2020-08-31,284.96917724609375,286.77632239386634,282.7851257240713,283.2200131571455,36321000
2020-09-01,289.8398132324219,289.9557753583132,285.8486162789322,287.61709768256185,36216200
2020-09-02,292.5843200683594,293.29943941238844,286.91161404785015,293.08683237877307,50836800
2020-09-03,277.7502746582031,288.58350302844633,274.8511033929113,288.0809906262113,110083300
2020-09-04,274.04901123046875,279.21920642113605,262.66493206189256,275.9624750809595,123959000
2020-09-08,260.8770751953125,268.86911241785384,260.59681374852715,263.0707705753225,99568600
2020-09-09,268.5405578613281,270.63760842633246,263.82456818747903,266.3758528930931,64837900
2020-09-10,263.18682861328125,272.7154558497159,261.4666544194128,271.49779418159585,69667500
2020-09-11,261.3602600097656,265.9699309751441,257.92955686018064,264.9358863094109,71809000
2020-09-14,265.9119873046875,267.9027491790809,263.7859166175224,265.1388572857662,38525200
2020-09-15,269.680908203125,271.02420504282185,265.8830009311815,269.6519176702054,41849900
2020-09-16,265.3804016113281,270.9371453230019,265.0325152915734,270.4732968966623,42321000
2020-09-17,261.234619140625,265.17747837940243,257.7169444787922,258.5576992765682,81570800
2020-09-18,257.9006652832031,262.9452256018231,253.80317840851936,262.6553202066905,86251100
2020-09-21,258.51904296875,258.65432225632617,251.3677321406247,253.64842827014834,57168600
2020-09-22,263.32208251953125,263.9018932006086,257.58172084169547,260.9157502254752,41128900
2020-09-23,255.2816619873047,263.186727464168,254.4022432863004,263.0031109501181,48837300
2020-09-24,256.4703063964844,259.6690555624947,252.44044633221165,252.60474564076068,70631700
2020-09-25,262.4330139160156,263.2447784344016,255.41700912524527,256.9729132377426,55242400
2020-09-28,267.88336181640625,267.88336181640625,262.5392254578109,267.28417514923785,58438300
2020-09-29,266.6754150390625,268.376241912304,266.114892149693,267.3228800244996,27050000
2020-09-30,268.5019226074219,271.64269161107853,266.5981322162988,266.8687203661687,49380800
2020-10-01,272.763671875,273.3725025043538,270.43466763014914,272.31914057892124,50020200
2020-10-02,265.09063720703125,272.75410857220055,264.2498819956468,266.74315708774907,75497400
2020-10-05,270.7439270019531,271.06282284456194,266.9460199623273,267.0523087458991,28184600
2020-10-06,265.9119873046875,271.73932026553695,265.0325684973553,270.0578103987121,49704200
2020-10-07,270.5119934082031,271.3044110627918,267.9607087878912,268.5502222233586,27539700
2020-10-08,271.9519958496094,272.97636757735154,270.88896023820655,272.90871315392087,25443300
2020-10-09,276.1073913574219,276.18471910444345,273.20822017389503,273.59477043331975,30201100
2020-10-12,284.6309814453125,287.4624984194463,279.74104806948463,280.784736791468,79370700
2020-10-13,284.621337890625,287.06630483441944,283.25872365827956,286.4285130159509,64240000
2020-10-14,282.24395751953125,286.38978029441654,280.50446672167755,285.4233899640773,36949100
2020-10-15,280.349853515625,280.939337487908,276.90950614206577,277.5473273282057,42514200
2020-10-16,278.8133239746094,283.4133225579384,278.4654080695763,281.99272738717144,40570700
2020-10-19,274.26153564453125,281.6834350292942,273.2855015661207,280.7266886465259,36756800
2020-10-20,274.85107421875,277.95317888560766,273.44015261046803,274.9960268682495,32195400
2020-10-21,274.6385192871094,277.6633262788834,274.1553240358202,275.1023973454302,29306100
2020-10-22,274.6288757324219,276.3683965208795,271.38181744767564,275.46963084215434,32196200
2020-10-23,275.16998291015625,275.33428224853037,272.309475689384,275.1989734414113,24658500
2020-10-26,271.04351806640625,275.71117074606025,267.4582179216346,272.88932727895894,38421100
2020-10-27,273.1599426269531,273.981380451409,270.78263025156946,272.03892610645653,30559100
2020-10-28,262.5103454589844,269.27507936827647,262.2590744763743,268.6662485977363,53413500
2020-10-29,267.1007080078125,270.09649522850515,263.3607516697765,263.82462976777094,43246300
2020-10-30,260.3262634277344,265.98929729313636,258.09390385369136,265.1195517888943,65838300
2020-11-02,260.90618896484375,264.3271910336981,257.997343329098,262.7133349740087,39987400
2020-11-03,265.4192199707031,267.5163009250624,261.737273484029,262.8196264313476,43604100
2020-11-04,277.2671203613281,279.0645926549374,272.3965036591907,274.05869660957654,75728200
2020-11-05,284.4956970214844,285.4620874656753,282.186009703758,283.66458590369433,52054200
2020-11-06,284.7082214355469,285.4330141333295,280.08887715468785,283.8384760965858,40959800
2020-11-09,278.890625,289.0860622560611,278.4364202948612,287.64612038680576,86537100
2020-11-10,273.8943786621094,277.0254741037576,271.18846786161714,275.58556185295663,69024900
2020-11-11,280.021240234375,280.4947620058693,273.85566589776596,276.4165940883306,36102900
2020-11-12,278.70697021484375,282.2536357652556,277.5956272140191,280.98766676986247,34414600
2020-11-13,281.15185546875,281.7703592685143,278.1947042193522,280.4174190713853,24806900
2020-11-16,283.3456726074219,283.6452512673449,280.24353823818916,280.85236889928893,30168400
2020-11-17,282.4468994140625,283.8674944204936,281.8090782385329,283.53892523768616,21843500
2020-11-18,280.3595275878906,283.5099699855039,280.2725559838451,281.89611440171944,28069600
2020-11-19,282.5531921386719,282.8624441034292,279.1418356618987,279.80864730820457,22718400
2020-11-20,280.6205139160156,283.22010705207674,280.5335422989457,282.4759673973097,25907300
2020-11-23,280.6300964355469,282.91076341232724,278.38806383702627,281.6158039352227,26875600
2020-11-24,284.572998046875,285.06586661561016,279.89567179055075,281.69314387810886,24516800
2020-11-25,286.3221130371094,286.9599341655216,284.6889110928169,285.6359841911062,23326800
2020-11-27,288.96038818359375,290.0814045293684,287.8876795585941,288.28390314138545,17163100
2020-11-30,289.5499267578125,289.88816934271773,284.87260011745866,289.279338588268,27836200
2020-12-01,293.2608337402344,294.88439208815726,290.7192221723429,291.82092142657996,27521300
2020-12-02,293.6376953125,293.9759378121451,290.2553292998312,292.09146495118745,23620000
2020-12-03,294.0533142089844,295.5995449812364,293.32852129935674,293.94702540501714,22828700
2020-12-04,295.25164794921875,295.3966301339444,293.4251850358244,294.1016407663072,19332100
2020-12-07,296.9234313964844,297.2906644436841,295.2515654944041,295.43518201800396,20851000
2020-12-08,297.9285583496094,298.228137068231,294.7008173711153,296.4499819508995,18341500
2020-12-09,291.1831359863281,297.9961776074339,290.1201004766501,297.7159455804409,48839300
2020-12-10,292.3524475097656,293.4734640443875,288.07134461326757,289.15369726962035,27519500
2020-12-11,291.70501708984375,291.83065259024386,288.4386120470476,290.6999625785446,26760400
2020-12-14,293.8213195800781,295.7637440584094,292.82593873547404,292.8935636436746,28804800
2020-12-15,296.9621276855469,296.9621276855469,293.8889836609134,296.07303550095884,25709000
2020-12-16,298.5953369140625,299.37811083246515,296.3146400776585,297.35835829679314,25461900
2020-12-17,300.54736328125,300.77928750039683,298.99148915799105,300.18980361276886,23730500
2020-12-18,299.6390380859375,301.49452083485187,297.2713695482542,301.18526879471654,41173400
2020-12-21,299.0784606933594,299.6109270127023,293.92793779990836,296.6968099330535,37095500
2020-12-22,299.89166259765625,300.8113797312623,297.074365952245,299.9787918285022,26176300
2020-12-23,298.3813781738281,300.2982804373687,298.2264719073709,299.9400726222767,21201300
2020-12-24,299.69805908203125,300.14339616488587,298.56534939699964,298.6427877632281,16785000
2020-12-28,302.71868896484375,303.19309872265205,300.47259202219556,302.3023949194107,22497700
2020-12-29,302.9897766113281,304.66467326455717,302.0894114503533,304.0450480707538,25871900
2020-12-30,302.9994812011719,304.47104678502245,302.37985597932527,304.15157284244054,18138100
2020-12-31,303.74481201171875,304.2288829326505,301.8279100738495,302.90253333655266,21611400
2021-01-04,299.4560241699219,305.2455244401776,295.4575926553533,305.071236411445,45305900
2021-01-05,301.9248046875,302.1959128601963,298.4685595752302,298.4685595752302,29323400
2021-01-06,297.742431640625,301.9441648364743,296.23213231844335,297.2196266305306,52809600
2021-01-07,304.9453430175781,305.77793086085467,300.36602124352004,300.39506431839374,30394800
2021-01-08,308.866455078125,309.2150016903521,305.0422809485157,307.23029213060346,33955800
2021-01-11,304.4031677246094,307.08490996210816,303.7544996974157,305.91346661844153,32746400
2021-01-12,303.919189453125,305.52627938374525,301.28584168634455,304.4419649289568,29266800
2021-01-13,305.97161865234375,306.7654726708281,303.5803066312761,304.1805499689339,22898400
2021-01-14,304.33551025390625,307.41419539720755,303.8611004791803,306.41701010065316,23500100
2021-01-15,301.9248046875,305.08095763432993,300.68558388460093,304.1225063350417,35118700
2021-01-19,306.3298034667969,306.8332266535464,303.1446081211837,304.2386132716597,24537000
2021-01-20,313.4554138183594,314.3945130071572,306.42672099095483,309.9410821773359,30728100
2021-01-21,315.96282958984375,316.70831788759295,313.41664078151587,314.7913859659749,25130600
2021-01-22,315.0528564453125,316.05970308852847,314.3654541916279,314.9269932285715,21609400
2021-01-25,317.6571044921875,319.7967199017761,311.1705698585587,318.43163593412686,39080600
2021-01-26,318.12176513671875,319.2545042371562,316.795415370245,318.37349150244887,25498100
2021-01-27,309.253662109375,315.87575134585563,307.24960062396013,315.8660900145018,55264000
2021-01-28,311.0833740234375,316.0209038070122,309.83446265307134,310.4540876739916,42836300
2021-01-29,304.53875732421875,310.5025158279426,302.79611347273107,309.39881972207684,55259000
2021-02-01,312.1483459472656,313.23266022286646,305.9522137232358,307.97562688848154,35646000
2021-02-02,317.2408142089844,318.3929057368792,314.94632202925646,315.1109191955359,33930800
2021-02-03,315.98223876953125,319.6805488631782,315.92415260432034,319.3126501199401,24824500
2021-02-04,319.71929931640625,319.80642857676935,316.05972265436736,317.3764115279112,22350900
2021-02-05,320.8035888671875,321.8104650393647,319.0319016209477,320.66806432122735,22732000
2021-02-08,322.95281982421875,323.10772610139503,320.8519680704715,322.4881305380413,20462800
2021-02-09,322.88507080078125,324.14364367200585,322.0137193026321,322.0234101778319,17597500
2021-02-10,322.1493225097656,324.77297964353176,319.0028603064396,324.3179516200057,28068700
2021-02-11,323.92095947265625,324.32759214036884,321.5393382627716,323.6789239561336,22046100
2021-02-12,325.7314147949219,325.89598240320623,322.033104956612,323.07868540357345,20346800
2021-02-16,324.8503723144531,327.41594268454725,323.6885901057488,326.5252390518274,27080800
2021-02-17,323.29168701171875,324.9665834947725,319.6514927767243,321.8782078068329,31360300
2021-02-18,321.8782043457031,323.2335973731667,317.89912496129534,319.7095755017615,32236200
2021-02-19,320.4743957519531,323.34977904654954,319.4578583383026,323.223915842976,39157700
2021-02-22,312.16766357421875,317.3568897599286,311.96436205639856,316.09831716058187,47256900
2021-02-23,311.2383728027344,312.90357860980123,301.0922316590529,306.9010850029575,97241900
2021-02-24,313.8039245605469,314.1137371441251,305.8941900752673,308.5856241112255,58206300
2021-02-25,302.86383056640625,313.70703212959273,301.3244884248278,311.151152767555,110182600
2021-02-26,304.1322326660156,308.9438714759192,300.97607935125205,305.7877477065135,104739800
2021-03-01,313.28106689453125,313.6199225043149,307.8110704920777,309.0986863548367,49164500
2021-03-02,308.2563781738281,313.99745260810704,308.00468136811355,313.9200142552748,48370000
2021-03-03,299.310791015625,308.10150757392336,299.25270485794294,307.16240863093043,86301100
2021-03-04,294.4120178222656,302.09906844170035,290.5491107615687,298.9429157486575,139131600
2021-03-05,298.8461608886719,299.7465261452686,287.97394166626935,297.0260486202665,121523700
2021-03-08,290.38446044921875,300.18205096043204,289.96816655664855,298.30385346215746,88409800
2021-03-09,301.837646484375,303.7352262391033,297.14218101960296,297.6746473469426,80391100
2021-03-10,300.97607421875,306.387985973286,300.2887014783937,306.0878642326224,76798100
2021-03-11,307.9079284667969,309.6699246727276,304.8195527368651,305.71022694287797,53484800
2021-03-12,305.41009521484375,308.0918677112033,301.46977936589934,303.86106196290876,69315600
2021-03-15,308.67279052734375,308.83738771511173,304.09349644611416,305.729659265036,42955700
2021-03-16,310.3669738769531,313.8716730118941,308.9341425127925,310.8607357904687,54925900
2021-03-17,311.6449890136719,313.53287824746974,305.62314294705027,307.33677366413497,78258700
2021-03-18,302.0990295410156,307.7529751181446,301.6440016318715,306.77514227085976,82718100
2021-03-19,303.1640319824219,304.70337437905994,299.7948868313532,301.93447260393606,78446200
2021-03-22,308.8492431640625,310.91399450971323,305.5534094175685,305.5534094175685,56194800
2021-03-23,307.5018615722656,311.2532981091528,306.68759879999,309.93497635860996,53455400
2021-03-24,302.3157958984375,308.9074942979724,302.17039709475154,308.8687114227675,64803700
2021-03-25,301.7923889160156,303.30462551444776,297.9731180765903,300.4740667310642,78729000
2021-03-26,306.3192443847656,306.63912171854264,300.1831788664678,301.57903681470293,63519600
2021-03-29,306.2320556640625,307.2789566937248,302.8974381878525,305.78615611278667,54608000
2021-03-30,304.6907653808594,305.2626870898659,301.9959322932917,304.2739455970751,44635700
2021-03-31,309.35333251953125,310.9139953409303,306.13503491660464,306.47431844641403,55032500
2021-04-01,314.6268005371094,314.76249625213046,312.92070869566726,313.17275305842713,55685600
2021-04-05,320.908203125,321.67400959517823,316.8659685015175,317.10830969994527,42172500
2021-04-06,320.6853332519531,322.6337367666103,319.90982350996234,320.59809395273015,33537200
2021-04-07,321.4607238769531,322.29439291956294,319.27965325584194,320.2102351043702,32046400
2021-04-08,324.8148498535156,324.9990315920566,323.51590414879405,324.31079064326826,29940800
2021-04-09,326.78253173828125,326.98611963222544,322.72092071316445,323.4576177958282,36664900
2021-04-12,326.35614013671875,326.7729600029322,324.4755695976706,325.74543542996855,25833000
2021-04-13,330.16571044921875,330.63098669592097,327.66473229251113,327.87799376647325,30374000
2021-04-14,326.20098876953125,330.53405101338524,325.3867258114292,330.40802884439285,42564300
2021-04-15,331.1446838378906,331.53245341080236,325.91982312701936,329.0702586196048,36342800
2021-04-16,331.5323791503906,331.74564053465735,329.66148308641766,331.6680748043831,40860100
2021-04-19,328.49835205078125,331.115619292203,326.5789990742722,329.9621023825836,34533100
2021-04-20,326.1040954589844,329.11880652263227,324.1362856183164,327.839267157362,38081800
2021-04-21,328.895751953125,329.07993360971795,323.7387247338475,324.82440844681906,36598100
2021-04-22,324.93115234375,329.4871499891358,323.77760565372427,328.50811147791865,45936100
2021-04-23,329.0218200683594,330.33043890861984,325.5611805627224,325.5611805627224,36381900
2021-04-26,331.1641540527344,331.4452781726139,328.5177770778778,329.2642070255575,30812000
2021-04-27,329.7294616699219,331.6681914514092,328.77950300990113,331.45492999213883,33187200
2021-04-28,328.6146545410156,330.40798526846567,327.9651671336623,329.3998376321553,33615700
2021-04-29,329.7972717285156,332.29821973150337,326.57897370453867,331.8813999947828,37708900
2021-04-30,327.6356506347656,329.8361280085452,326.7244452133422,327.35455609823015,38263400
2021-05-03,325.8908386230469,329.5841170980315,325.44493898306285,328.83771665907204,29729700
2021-05-04,320.026123046875,323.6612412033449,316.21649673606737,323.3413342392819,65147000
2021-05-05,318.95013427734375,322.9342394294813,318.17465418454293,322.0714904622713,46219300
2021-05-06,321.3541259765625,321.50922789045813,316.449142582441,318.6883728457284,46814300
2021-05-07,323.9617919921875,326.33671847175805,321.52867639706886,324.1265674744462,53324500
2021-05-10,315.7803039550781,322.7597131465326,315.5767160364433,322.58523457284645,60700500
2021-05-11,315.3441162109375,316.13900258664955,309.2468022628767,309.90599292569743,71963600
2021-05-12,307.1820068359375,312.73644786644485,306.3192580171597,310.4196815194903,91164900
2021-05-13,309.5569763183594,312.52323047581723,307.19172365150604,310.1192245133992,69877800
2021-05-14,316.3910217285156,317.30219751217567,312.2130318222759,312.7171204997074,44370000
2021-05-17,314.4717102050781,316.37165736425305,311.60239802430965,314.6849716931356,39395000
2021-05-18,312.34869384765625,316.64297235548605,312.07727291580534,315.42159295348847,36528500
2021-05-19,312.70733642578125,313.0078370982969,306.61002454225434,306.9590111964842,66319100
2021-05-20,318.75616455078125,319.6092101752247,313.9675304002217,314.1904653366139,46466100
2021-05-21,316.9919738769531,320.7240044690414,316.63331365549334,320.3071847296511,50330400
2021-05-24,322.32354736328125,323.4480142495234,316.8853946382542,319.2797272359701,32475800
2021-05-25,322.7694091796875,324.5530369200139,321.59648601653095,323.8357164110421,31280300
2021-05-26,323.8939208984375,324.3591971493166,322.75007733813146,323.43831818100426,25444900
2021-05-27,322.6821594238281,324.2913085420802,322.4786010989326,323.44796589913267,27931700
2021-05-28,323.6999816894531,325.2897541666594,323.38010432071417,323.8841633687067,29927400
2021-06-01,322.6240539550781,325.5030690773311,321.27662245737076,325.0280601294368,31145400
2021-06-02,323.25408935546875,324.09743201993837,321.5383242650881,323.04082791067566,22047900
2021-06-03,319.890380859375,321.69338516999375,318.2230722364377,320.42351966107435,37057800
2021-06-04,325.31878662109375,325.7646860826567,321.61580651085137,321.68366913705887,38736500
2021-06-07,326.2882385253906,326.3463980540727,324.09746433613174,324.7857051473166,32611900
2021-06-08,326.4433288574219,328.8958208385621,324.76631695292076,328.0330718893326,27282800
2021-06-09,326.5208740234375,328.5856260231153,326.33669232319687,327.8101459251218,21485300
2021-06-10,329.92333984375,330.0299557799059,326.4142437430809,326.8601433007051,33702100
2021-06-11,330.7860412597656,330.79574437440573,329.28353762387894,329.93299548610094,21222800
2021-06-14,333.95587158203125,333.9655451136697,330.02992645276777,331.21255267389915,27827700
2021-06-15,331.7748718261719,333.91716017662094,331.05752161544734,333.60695627915476,35963800
2021-06-16,330.5631408691406,333.3064305766439,327.11220412020464,332.2401232480019,55399500
2021-06-17,334.7605285644531,335.76867651691026,329.50658646954747,329.55504288980995,59722700
2021-06-18,332.1334533691406,334.24666145193623,331.38702356897403,333.1028181318173,55414900
2021-06-21,334.1976623535156,334.51794039002993,330.1119109228464,332.32462521783617,32992600
2021-06-22,337.31298828125,337.75940508657436,333.69305236731316,333.99390169448657,28941600
2021-06-23,337.4779357910156,338.62313566064245,336.64332921884596,337.254742209473,27188500
2021-06-24,339.56451416015625,341.0881598467166,338.8657606820142,339.4092323186821,32581600
2021-06-25,339.147216796875,340.3700429160233,338.5455181087182,340.1274205664771,28682800
2021-06-28,343.2717590332031,343.40764175017654,340.3700055288033,340.42823251693966,39130300
2021-06-29,344.51409912109375,344.5432126248784,342.26258572209923,343.09719257525387,29426000
2021-06-30,343.97052001953125,344.74692923994303,343.3882205084683,344.35870982124544,32724000
2021-07-01,344.1063537597656,344.6109974684653,342.2721150035482,343.6211091724462,29290000
2021-07-02,348.0562744140625,348.3765228310219,345.7659044123315,345.9988123519383,32727200
2021-07-06,349.5605773925781,349.84202760975387,345.9697547859461,348.65802936372256,38842400
2021-07-07,350.29815673828125,352.05474016267107,348.34746358933484,351.7538908214984,35265200
2021-07-08,348.182373046875,349.03640821640755,343.9607690426728,345.241792179994,50890000
2021-07-09,350.3563232421875,350.83185348316795,347.01783795171673,347.600137407865,35184500
2021-07-12,351.7247314453125,352.18086258323524,350.18162745543833,351.7538449384998,25717700
2021-07-13,351.7247314453125,354.68471184829133,350.87069615584164,351.3462264168953,39723000
2021-07-14,352.3556213378906,354.70418928548685,351.5306993594751,354.06366267696376,35336400
2021-07-15,349.88079833984375,352.4720178509438,347.88159271368477,352.2682233868746,53391600
2021-07-16,347.0469970703125,351.7150484688974,346.6976055038964,350.7348447491291,47262000
2021-07-19,344.2035217285156,344.69845123070195,341.6511296216151,343.6017933642096,64404600
2021-07-20,348.20184326171875,349.64786275416617,343.359081806931,345.1350937044425,42183700
2021-07-21,350.8901672363281,350.8901672363281,347.55168112030583,347.77490435850655,30259900
2021-07-22,353.2096252441406,353.21930999848774,351.0939358655894,351.0939358655894,30252200
2021-07-23,357.3341369628906,357.61555750798505,353.1804443520867,354.52940894558446,31960800
2021-07-26,357.6155700683594,358.0037894573996,355.78136080816336,356.64508082972117,28438100
2021-07-27,353.6753845214844,357.3535470119616,349.53140615344574,357.3535470119616,57933100
2021-07-28,355.0340270996094,356.6062443760131,352.5204637948886,354.8108335535045,42066200
2021-07-29,355.6649169921875,356.82948634161215,354.47120453246976,354.47120453246976,25672500
2021-07-30,353.8114013671875,354.39370105188135,351.715140272485,351.74425377587005,36484600
2021-08-02,353.84039306640625,356.0531074129559,353.13192523859226,355.47080792870975,27334100
2021-08-03,355.98516845703125,356.1016224312695,351.31711741542796,354.50032105152934,35558500
2021-08-04,356.4996032714844,357.4506936273146,354.84007454765805,355.9464171578794,29602200
2021-08-05,358.76080322265625,358.9937111841423,356.6063157279587,357.31475398314,21443900
2021-08-06,357.1885681152344,358.46962107455283,356.0822257354465,357.4991317933084,33332100
2021-08-09,357.8485107421875,358.37255361139034,356.54805870512257,357.6446866760717,25960200
2021-08-10,356.01434326171875,358.6540757279893,354.83034495809034,358.36294074225583,35130800
2021-08-11,355.40283203125,357.7708279845918,354.0732666019104,357.2758986455181,34249800
2021-08-12,356.6839294433594,357.04300574382904,353.5492383580731,354.89823269441365,25969200
2021-08-13,357.9358825683594,358.26584538723085,356.53837556079554,357.0333345975948,19336200
2021-08-16,358.0911865234375,358.1299847748878,352.9670037183403,356.8198477892723,34856900
2021-08-17,354.93707275390625,356.3151510147856,352.5108494327965,355.34466168634174,44793900
2021-08-18,351.5209045410156,355.80076570692756,351.19094174855974,354.4032588112428,38541900
2021-08-19,353.2192687988281,354.8885115391661,349.3373116926452,349.5896483819814,48499400
2021-08-20,356.8780517578125,357.2759559368995,353.97626852339454,354.2868322168747,39486000
2021-08-23,362.21575927734375,362.90479843928557,357.9067840926924,357.9164688468706,34034700
2021-08-24,363.32208251953125,363.9237811600913,362.341878827467,362.8077243638605,21732900
2021-08-25,363.7393798828125,364.31199463604713,362.82711756621313,363.5744132863753,20441900
2021-08-26,361.4295959472656,363.5646543878473,360.9928639664528,362.8853297273357,29133300
2021-08-27,364.9428405761719,365.44748439971636,361.5752411891111,362.0604858868606,27104700
2021-08-30,369.0382995605469,369.5235442485013,365.70949849227054,365.72892723465935,27295700
2021-08-31,368.73748779296875,369.34887128381575,367.1943834651041,369.28095952949167,29628200
2021-09-01,369.3488464355469,371.41599361649696,369.14505195230834,369.79529288814643,28138300
2021-09-02,369.1741943359375,371.0278328071563,367.9610824791442,370.69786993614713,25453400
2021-09-03,370.30963134765625,370.70753553837505,368.00957630848825,368.02897543352884,24605400
2021-09-07,370.8336486816406,371.4838895379319,369.26146076930337,370.4163453946835,23970200
2021-09-08,369.54290771484375,370.65896446604796,367.28168071864684,370.65896446604796,32949200
2021-09-09,368.27154541015625,370.87244941105996,368.0289231052142,369.766107101354,29399000
2021-09-10,365.4765319824219,370.69776872726254,365.14656920150003,369.9796161815492,40249400
2021-09-13,365.2242736816406,368.232796834094,363.1765552031788,367.80577911609487,48741800
2021-09-14,364.18585205078125,367.4369677608617,363.2347618019217,366.7091007301896,41826600
2021-09-15,366.8934326171875,367.2428241323064,362.3515502395031,364.64192016733983,34097900
2021-09-16,367.1458435058594,367.7184286993201,363.64239097884035,365.563941041,35193100
2021-09-17,362.7979736328125,366.71875839113625,361.7595726718765,366.67024577672095,60912300
2021-09-20,355.3014831542969,358.75052850819037,350.66709716152684,357.01141811814324,76203200
2021-09-21,355.7386169433594,358.3229841141822,354.61159767451653,357.12794816062376,41927500
2021-09-22,359.06134033203125,360.5186880599965,355.5539747154909,356.65184808119517,46972900
2021-09-23,362.3744201660156,363.40427696626887,359.5763074823771,360.2175441098625,44652000
2021-09-24,362.7144775390625,363.1322731716639,359.7414899525931,360.1106895280067,36056800
2021-09-27,359.8191833496094,360.6935861132538,357.2736872299661,359.6734544973048,43338100
2021-09-28,349.6370544433594,359.7704691945349,349.1318513712779,355.27214863107235,97701600
2021-09-29,349.0639953613281,353.0376940575205,348.4422089595116,350.9002680921135,58076600
2021-09-30,347.781494140625,352.36728337983305,346.945962244198,350.7059150777573,61384600
2021-10-01,349.93829345703125,350.9778751790529,344.3032280130434,348.40323372015865,56375500
2021-10-04,342.5933532714844,348.6559112896858,340.3587649288273,348.3255826438038,76766000
2021-10-05,347.2180480957031,349.46236180224014,343.42894895803175,343.6523900245953,47232900
2021-10-06,349.44293212890625,349.7149692484246,343.10830689611487,344.01185558060564,56806500
2021-10-07,352.6490783691406,355.29173732282277,351.9495501269947,352.48389921273855,39411200
2021-10-08,350.8905944824219,353.9607449761669,350.3562156752254,353.727549097645,41822300
2021-10-11,348.1993103027344,352.8725371338533,348.11184333183206,349.3554457591394,34847200
2021-10-12,346.9848327636719,350.0840986793097,346.3435961311823,349.64691210021607,43905100
2021-10-13,349.76348876953125,350.4338711616583,347.26655896985903,349.2874312866479,40120800
2021-10-14,356.2049560546875,356.41870158590115,352.687894754568,353.3485519783858,43433900
2021-10-15,358.44927978515625,358.56586286925926,356.3895662331551,357.4194230091557,40419900
2021-10-18,362.0538024902344,362.2675480418583,356.5547393437458,357.15710508473506,34513500
2021-10-19,364.79364013671875,364.8422065438889,362.10241481338824,363.12254656253174,29091000
2021-10-20,364.3175354003906,365.86232053598303,362.84073729606274,365.25022970588054,31390300
2021-10-21,366.54248046875,366.7368054154041,363.2197432896632,363.52092620210016,25469300
2021-10-22,363.4625549316406,366.2509423706017,361.8011867064768,365.2891022902149,36275800
2021-10-25,367.18365478515625,368.0969285094743,362.9379193060493,364.8810498429271,32597800
2021-10-26,368.3398742675781,371.8277905388129,367.1642884209636,369.41832729284755,47191300
2021-10-27,369.1948547363281,372.2552798390462,368.5244722333737,368.78678421938156,45760500
2021-10-28,373.2947998046875,373.54741625645437,370.32181252550123,371.0893573713803,38007000
2021-10-29,375.1310119628906,375.2961910870078,369.87487050736155,370.2246197351638,37310100
2021-11-01,376.41351318359375,376.53982140855203,373.48912197799297,375.5682561701875,30765300
2021-11-02,377.98748779296875,378.4635749766438,375.7528993465057,375.80146575410737,25135300
2021-11-03,382.0000915527344,382.41785757484956,377.43375178694737,378.4733042710766,33748900
2021-11-04,386.8966979980469,387.84884257503916,382.7189794670043,383.26305361105216,40265300
2021-11-05,387.2658996582031,389.58792509832745,385.86684338012475,388.6649559362815,43383800
2021-11-08,386.7413024902344,388.25694207068057,386.10006579853456,387.23681030878004,29256300
2021-11-09,384.0791320800781,388.20828385863103,382.7189468359295,387.80993859966344,50490700
2021-11-10,378.4343566894531,384.1179891815818,376.51064698992576,381.3101812742508,54937400
2021-11-11,379.4836730957031,381.5822576249606,379.143619323171,381.40738299331053,32243000
2021-11-12,383.47686767578125,384.01121677531194,379.0368067694047,380.6301585760676,34730600
2021-11-15,383.389404296875,384.9730606264677,380.95079532997596,384.65245709370566,33716900
2021-11-16,386.1194152832031,386.6148933225803,382.4663210174151,382.66061624762506,27872900
2021-11-17,386.32354736328125,388.3541154524981,385.36170712360547,386.4401304650816,28703300
2021-11-18,390.3263244628906,390.8315276998978,386.1486059054176,388.36377340586023,45721500
2021-11-19,392.50262451171875,393.7753725804362,391.1327139908467,391.95855035943424,45191700
2021-11-22,387.9459533691406,397.0883850082743,387.83909543432225,394.03768584861945,61715400
2021-11-23,386.1777648925781,388.8495693207287,381.74742974006676,386.78982609208884,70098700
2021-11-24,387.4213562011719,387.70308876680224,381.37821935323643,383.70024480865015,46954400
2021-11-26,380.0763854980469,386.2361064003588,378.68702448181364,384.84674538412554,51533300
2021-11-29,388.3249206542969,389.33535682537865,383.90431058676927,384.63298453085525,54447100
2021-11-30,382.621826171875,389.7822571763225,380.6106790288867,387.44078141295927,81332700
2021-12-01,376.1124267578125,389.0925570880587,375.6460942997247,386.9551011557376,77766500
2021-12-02,378.82305908203125,380.6010106731001,373.41143282506965,374.8299099712103,84416600
2021-12-03,372.2358093261719,381.1839172255173,368.1260775304697,380.1832061761861,105349100
2021-12-06,375.2184753417969,376.57866063108446,368.5146520413517,372.7215457733595,67588800
2021-12-07,386.5178527832031,387.1299437335252,381.8154797717604,381.8543506899871,56005300
2021-12-08,388.2471618652344,388.45121190853195,384.9535711997848,386.84813523155293,39204000
2021-12-09,382.5344543457031,388.8204836488228,382.3401294064192,387.02308173482663,49973700
2021-12-10,386.6926574707031,386.9549693890545,382.1748557726093,385.3421676711023,52545800
2021-12-13,381.1062316894531,387.0036107993027,380.73703211440903,386.6830072813978,50166400
2021-12-14,377.16168212890625,378.9979252293101,372.72162134697993,376.28724959080563,75199200
2021-12-15,385.7599792480469,386.1194833044048,372.9644812243369,376.90903385524365,73858000
2021-12-16,375.8403015136719,387.14933536877277,374.2566453963507,386.72184428250864,82591400
2021-12-17,373.9652099609375,378.1235083343343,370.91448063171447,372.4301201552073,80492500
2021-12-20,370.33758544921875,371.1255560766206,367.20514837555993,369.24804728232675,65336800
2021-12-21,378.6258544921875,378.937159569745,369.86089170437486,373.60617144539583,48899500
2021-12-22,383.2370300292969,383.44131102709355,377.6725771503509,378.3340782683433,37042200
2021-12-23,386.126220703125,387.5951377661711,383.42182085959166,383.5871812759535,29595500
2021-12-27,392.5078430175781,392.5078430175781,387.39087307820034,387.4200560757079,32820700
2021-12-28,390.688720703125,393.5779565780435,389.8132009778117,393.40285857051924,33113700
2021-12-29,390.63037109375,392.0895805930732,388.2567212665021,390.82494423540373,32248500
2021-12-30,389.462890625,392.5953271533182,388.87920108358554,390.4162215112164,23850100
2021-12-31,387.0309143066406,390.15361358706275,386.5347736936786,388.79169097937756,34752900
2022-01-03,390.7567443847656,391.00968346905273,386.08728701256086,388.19825960966415,40575900
2022-01-04,385.6883850097656,391.3403853335866,382.5948691430199,391.3014647821451,58027200
2022-01-05,373.83966064453125,385.1242172262459,373.5867215610678,384.00546647257966,75739800
2022-01-06,373.57708740234375,376.81654920384796,369.7928861023535,372.02062097765435,70814300
2022-01-07,369.5301208496094,375.26970074436014,367.7596362625609,373.5867354584606,72652300
2022-01-10,369.7733459472656,370.28896172719385,359.2670509897626,364.62722258681447,91770500
2022-01-11,375.3280944824219,375.4934549109958,366.96195524108066,369.043745067452,68295700
2022-01-12,376.81646728515625,379.5889707439038,374.54010446184316,377.89626785911645,54576400
2022-01-13,367.3900146484375,378.8788541706966,366.4561289540999,378.1978779155955,77994000
2022-01-14,369.67608642578125,370.0068369648737,364.66611084234313,364.8704215155353,80121200
2022-01-18,360.4732971191406,365.9891209009165,359.71450953046275,363.86841067713556,75450900
2022-01-19,356.51409912109375,364.5008313292748,356.2514223937339,362.0298947679176,81791500
2022-01-20,351.8835144042969,363.70310562915995,351.34848278642613,359.73406878042016,88610700
2022-01-21,342.1262512207031,352.3309798433953,341.8441290801608,349.6946830737125,143388900
2022-01-24,343.69244384765625,344.35397467492515,325.0632096858729,336.5034209388335,198685800
2022-01-25,335.72515869140625,341.4841848912907,332.38844029940157,337.2427637902628,124398400
2022-01-26,335.1997985839844,347.17503907067993,331.51285522302607,343.3129977401189,146559500
2022-01-27,331.82421875,341.71764171534386,330.80275437199975,339.89849877273497,95255700
2022-01-28,342.2331848144531,342.44720335065784,328.7598436579798,333.7016857380433,108167900
2022-01-31,353.1773376464844,353.76102740088845,341.96088148656446,343.5952187364348,94326400
2022-02-01,355.5801086425781,356.2319018538568,349.3736300747479,354.51975345573044,74433000
2022-02-02,358.4693298339844,360.0355631779779,354.3835618038252,359.70481264846654,78777100
2022-02-03,343.93560791015625,352.08772832642944,342.875252752368,348.78019330152955,95384800
2022-02-04,348.27435302734375,351.5721505685939,342.3985953365478,344.4512021440884,86318300
2022-02-07,345.4726867675781,351.23168311671714,344.21775839813677,348.8677710648343,58198100
2022-02-08,349.3541564941406,350.44369468405654,343.2060142079704,344.33447295829444,64720900
2022-02-09,356.7572326660156,356.8350441003599,352.27258059296145,353.86799703006915,55766400
2022-02-10,348.682861328125,356.5236756250756,346.84427335256765,349.74321634779176,112468500
2022-02-11,337.62213134765625,350.2783500326764,336.39638598494747,348.68293354866245,101569100
2022-02-14,338.0403747558594,341.4354881578317,334.53829662301456,337.06756867725016,80254400
2022-02-15,346.4454650878906,346.6789290679671,342.2526728821173,343.3130280418822,55128800
2022-02-16,346.3580017089844,347.379436561988,341.17292693085005,344.19837029638927,58947100
2022-02-17,336.055908203125,343.84806555084964,335.63757898128034,343.14764391072606,61801400
2022-02-18,332.2230224609375,337.37888294301985,329.9174767418236,336.98976643850756,80001500
2022-02-22,328.88623046875,334.6841754461255,325.2576831875964,329.2850844804195,85967100
2022-02-23,320.46185302734375,332.8748407868643,320.15054789735365,332.0382416486685,86215400
2022-02-24,331.2308044433594,331.76586571589667,309.60533959972105,310.1695541857817,130614100
2022-02-25,336.3671875,336.5714981761726,328.21509652010724,332.02848018101594,78842100
2022-02-28,337.3692626953125,339.06196609445857,332.03830238561784,333.1959444282771,77515500
2022-03-01,332.2035827636719,338.61437211753906,329.6840182452462,336.34774671347776,67407000
2022-03-02,337.77777099609375,339.11051074418504,330.98757301152676,333.750339065548,70609000
2022-03-03,332.9526672363281,340.5210984604028,331.09460378869966,340.41407433832154,71089400
2022-03-04,328.12750244140625,332.02846460203284,325.81224874261795,330.5984383743675,76936300
2022-03-07,316.0257568359375,329.27540007745154,315.8214758794869,328.11775851142414,89933800
2022-03-08,314.556884765625,324.14873946634606,311.23961212376486,315.23783128014855,116153900
2022-03-09,325.88037109375,327.23258609319413,320.14081989375154,322.72848819963866,64723400
2022-03-10,322.2614440917969,323.46774376119345,317.82545095320063,321.8236991892484,69362700
2022-03-11,315.57830810546875,325.5398632369939,315.0919050320362,325.2285581449521,66228400
2022-03-14,309.5177917480469,317.70880412168714,308.8173700285798,314.34290265565807,79802600
2022-03-15,319.2263488769531,320.00461165026024,310.54893419032584,312.15405848421847,76471000
2022-03-16,331.0654296875,331.1821616873152,319.4695661402415,323.1370646980165,105243000
2022-03-17,335.0733947753906,335.131760776708,327.8746342985671,329.1684535780236,67810000
2022-03-18,341.9316101074219,342.2234697530368,332.26191499890564,333.4195566448327,85446300
2022-03-21,340.9809875488281,343.3186324478158,336.5979479498107,341.09789357328924,73799100
2022-03-22,347.6821594238281,348.549041489872,341.09788040409666,341.4777283646636,63345900
2022-03-23,342.68548583984375,348.36397350473,342.62704769272557,344.8088475078949,70615500
2022-03-24,350.3022766113281,350.3509948884147,342.4517676660401,344.60431889958267,53555300
2022-03-25,350.01007080078125,351.29576956009686,345.71468839424256,350.2438234026969,57584200
2022-03-28,355.4256286621094,355.5230355072366,348.7634106520698,350.00039138443765,56833900
2022-03-29,361.5423278808594,362.1656780545059,356.54565799435034,359.31183941200896,68073000
2022-03-30,357.5489501953125,361.3378593665474,356.0684672576992,359.6820322233208,68757700
2022-03-31,353.1171569824219,358.0456391088496,352.279493961754,357.6949804858477,67011400
2022-04-01,352.44512939453125,354.1593648604611,349.269850841836,353.3801696236196,54527800
2022-04-04,359.70147705078125,359.71122665164575,353.0197902241706,353.2827619279761,45950200
2022-04-05,351.7145690917969,358.9611966423126,350.5749657641546,358.2501595469128,62738700
2022-04-06,344.0783996582031,347.5069003465268,341.4485636915753,346.4062655140077,90077100
2022-04-07,344.89654541015625,347.08806535874953,339.627153877945,343.08487346263547,63777400
2022-04-08,340.0751647949219,343.9127618247843,339.4420650231139,343.1627857534905,61956100
2022-04-11,332.0299377441406,336.7636071517967,331.6890286539163,335.8480363263463,66107400
2022-04-12,330.6273193359375,338.65314282857037,329.2539632767462,336.77331286308385,72790200
2022-04-13,337.34796142578125,338.39987787475087,330.2474287909676,330.9681858074025,61367800
2022-04-14,329.6337890625,337.95183248717245,329.4195059388165,337.43560901526075,73519400
2022-04-18,329.8871154785156,332.17604260732804,327.0624952815199,328.58194696609405,58560600
2022-04-19,337.2604064941406,337.83506830646405,328.22160307387486,329.24430075735904,56515700
2022-04-20,332.34149169921875,338.5264527308167,331.1239808553761,338.0686674645564,65500000
2022-04-21,325.465087890625,338.8284920047036,324.5397972136839,336.2181551269493,75801000
2022-04-22,316.9423828125,326.8383134531043,316.51381666364205,325.6208027402994,82562100
2022-04-25,321.0138244628906,321.32551442948113,314.0496671138111,315.31589645643817,101755900
2022-04-26,308.8971252441406,319.14368579729404,308.62437427991836,318.95862177122086,105819600
2022-04-27,308.5270080566406,314.48793659753886,306.8127432176525,308.99451321317423,111204200
2022-04-28,319.48468017578125,321.3158217288803,309.2673062384134,313.48478157123293,99450000
2022-04-29,305.1083068847656,318.72496285370096,304.47520700530265,315.28671241202,91977900
2022-05-02,310.202392578125,310.4361452229706,301.60187658563825,304.69921802742374,115511800
2022-05-03,310.5335388183594,312.8224657828059,307.76735698291543,310.2218488222658,78185500
2022-05-04,321.0332946777344,321.7053631030934,305.7316253124771,311.0107361696474,116083400
2022-05-05,304.8647766113281,316.79638528062134,301.57262187157147,316.71847764967674,154607400
2022-05-06,301.21221923828125,306.90042702253174,297.17980856751376,302.8680460761537,139572800
2022-05-09,289.4267272949219,301.3096472968291,288.03390175661394,295.5922200348363,113387300
2022-05-10,292.9429016113281,297.8129457012923,288.8618022859869,296.5954346788012,124124600
2022-05-11,284.2547302246094,296.18633825965026,283.38787783221585,290.68319437612166,140326100
2022-05-12,283.58270263671875,288.0631497956638,277.53411532056,279.978887320911,120910900
2022-05-13,294.09234619140625,295.12479358639655,286.4366182674263,288.0340076555411,83684900
2022-05-16,290.68316650390625,294.4038869702922,289.40721745106714,292.3487131021855,59190400
2022-05-17,298.2123107910156,298.5921587961595,292.7383559367014,296.5370143344921,62715300
2022-05-18,283.5729064941406,294.39412885704473,282.3164269513766,293.70259100455945,79477100
2022-05-19,282.05352783203125,286.73853871249423,280.10550973056866,281.77108660888524,79920700
2022-05-20,281.1768493652344,286.1637695964297,272.9269937542438,285.51120035510417,91764200
2022-05-23,285.8521423339844,286.23199034784994,279.8230248721788,282.21907844050895,63648400
2022-05-24,279.77435302734375,281.3522429494565,274.9140573272363,280.6412353589031,73491100
2022-05-25,283.6898498535156,285.76449362585697,278.07954891697494,278.28408246900483,67144500
2022-05-26,291.550048828125,293.0987490190363,282.60865493867686,282.8911258210658,59462200
2022-05-27,301.066162109375,301.21225750200745,294.5597896794027,294.6766659935086,66985600
2022-05-31,300.26739501953125,303.23810960712194,296.4200488394447,301.03687020042577,60968300
2022-06-01,298.0467834472656,304.52393799233465,295.83579349960047,302.4006052964026,65341700
2022-06-02,306.2088928222656,306.3842072732837,295.5142654443154,296.92659010109287,59291300
2022-06-03,298.241455078125,302.4004612369623,296.9947252178479,300.9978864286025,60914700
2022-06-06,299.2349548339844,304.23162423476253,297.67653496477914,302.6732043655573,51785000
2022-06-07,301.8161926269531,302.595417735308,294.8228144792103,295.91369990650855,44900300
2022-06-08,299.6440124511719,303.61795436070423,298.7966000219582,301.0173383852463,38342100
2022-06-09,291.6182556152344,301.01743545544304,291.4526907496542,297.9590629986376,55900500
2022-06-10,281.332763671875,287.2060369132065,280.88472784247693,286.017744711797,85963500
2022-06-13,268.2518310546875,275.00170651220577,267.3946983506731,272.47902668639784,94442000
2022-06-14,268.7388916015625,271.41741699787013,266.23568073370194,270.4434077628492,64697500
2022-06-15,275.4496765136719,279.37493078532503,269.4205596688989,272.15755174098666,86051400
2022-06-16,264.3363037109375,268.8849088704275,262.28112936584387,268.4271234740811,81910300
2022-06-17,267.5505065917969,269.98552883699915,263.4791565316729,265.10573474580815,82703400
2022-06-21,274.3006591796875,276.6135225102179,271.9195365844866,272.026869215321,51633700
2022-06-22,273.9005432128906,278.3017464295533,271.2071020260493,271.8023751623008,67472900
2022-06-23,277.979736328125,278.8287481171388,273.54922781064863,276.37927703453715,57457800
2022-06-24,287.50433349609375,287.92398502775217,280.5658327618819,280.80003470957627,58422300
2022-06-27,285.396484375,289.42684893372103,284.2644585476467,288.8608509108106,54151500
2022-06-28,276.7013244628906,288.5192298202316,276.51590467871944,285.9331509640633,61609800
2022-06-29,276.9550476074219,278.45791285837396,274.06644785541357,276.5647011190199,57302700
2022-06-30,273.51995849609375,277.09168696089944,269.12849346614837,273.97862381270477,79313600
2022-07-01,275.3252868652344,275.71563327429374,270.3482882505421,272.2219927081578,56675100
2022-07-05,280.03887939453125,280.1559803812563,270.075140020238,271.5975124107292,61829300
2022-07-06,281.83447265625,283.9326410168725,278.7019024096697,280.4194628152482,63194700
2022-07-07,287.86541748046875,288.56805306343966,282.64444764131935,282.64444764131935,56620100
2022-07-08,288.2265319824219,289.5927597706103,284.09854359020363,285.0353812475997,59895500
2022-07-11,282.0686950683594,286.0405087026964,281.1904079923632,285.8160750990645,55273900
2022-07-12,279.3361511230469,285.2304803476507,277.7454604235964,283.31776204142346,55797100
2022-07-13,278.76043701171875,281.10254575215123,273.2662215205759,273.8322492499436,73939400
2022-07-14,279.7558288574219,280.62434749047134,273.0515011436686,276.16456402172145,63741800
2022-07-15,284.83038330078125,284.93774569739867,281.1317859642174,282.7420134428055,63818100
2022-07-18,282.4199523925781,289.01691741139587,281.24891307414424,287.6116464040557,59519600
2022-07-19,291.1053466796875,291.39812890521887,284.44009126466915,286.0405209277583,55172600
2022-07-20,295.7212829589844,296.90209088858387,290.74428281343535,291.52500565321566,67769400
2022-07-21,299.96636962890625,300.0249201186976,293.5255477180764,296.17994578756554,55049400
2022-07-22,294.7063293457031,301.1081070983681,292.881436419772,299.03924389289483,57127700
2022-07-25,293.0277404785156,295.2039655575269,291.02719659147795,294.7355320147988,40582400
2022-07-26,287.27008056640625,291.58348762062855,286.46011245335563,291.32974903463776,50074100
2022-07-27,299.4101257324219,301.09841102643696,291.2615112895609,291.82753909562643,69304400
2022-07-28,302.3377685546875,302.9135349200694,295.44804929227706,299.19542972933493,55139900
2022-07-29,307.8514404296875,308.7590324776936,302.45481919119555,303.87962702583735,57501000
2022-08-01,307.66607666015625,311.12070468792047,304.99217151576033,306.0851537709431,46358800
2022-08-02,306.7487487792969,310.8669689606227,304.31881392899396,305.37278238610025,48676500
2022-08-03,315.102294921875,315.922031555984,308.3686908175321,308.42724130700196,53735700
2022-08-04,316.57586669921875,316.8881558420076,313.0334130508828,315.1803636806415,38973700
2022-08-05,313.98980712890625,316.01962712162236,310.71086026801095,311.4915533925478,53894000
2022-08-08,312.97479248046875,318.59587666591256,311.51097095563654,314.90704761459637,43878500
2022-08-09,309.4324645996094,311.33544526308145,307.81252766560675,311.0817065662086,39764200
2022-08-10,318.06890869140625,318.36169088012,314.29225373105913,316.76123163675936,51459600
2022-08-11,316.2635498046875,322.39208223187165,315.56091418583384,320.3915377881437,45897700
2022-08-12,322.42138671875,322.6165450793937,317.25896710802823,318.3129056437859,40928400
2022-08-15,325.0270080566406,325.5247170262433,321.45527909341536,321.474815778675,38266600
2022-08-16,324.2657775878906,326.35417748127685,321.2210332564173,324.05108255008014,41186900
2022-08-17,320.5671691894531,323.436261971791,318.48853770617495,321.1331968983646,47842200
2022-08-18,321.3381042480469,322.51891195508205,318.9081700143356,320.51836775693374,41937200
2022-08-19,315.0728759765625,318.956892469084,314.31169010714086,318.30306897922594,51770600
2022-08-22,306.7779846191406,311.052348829549,305.9680163669286,310.8181468831801,51098900
2022-08-23,306.5242614746094,309.35431072684594,305.7728139625083,306.54376837538723,39497100
2022-08-24,307.4123840332031,309.22750899261655,305.44108470732704,306.0461263604648,38057100
2022-08-25,312.8480224609375,312.8675591476444,308.14429710244514,309.1884674875516,38098300
2022-08-26,300.0248718261719,313.7555253212276,299.9370461056214,312.55518091065204,69047700
2022-08-29,297.0680236816406,299.81024769280765,295.96527307144606,297.2729504113789,48321900
2022-08-30,293.75970458984375,299.3320068591553,291.2419445706575,298.71719702917835,51184500
2022-08-31,292.0519714355469,297.5559559895286,291.94463879300986,296.65813213421137,50044000
2022-09-01,292.1788024902344,292.5496420822986,285.8843871110546,289.5634482261889,57990700
2022-09-02,288.0509033203125,296.4239519708738,286.4406753115394,295.0479557311508,64666800
2022-09-06,285.9820251464844,289.4464218980534,283.854610895695,288.5290910226605,57005400
2022-09-07,291.7592468261719,292.75463507644713,286.1967112485781,286.4602182718386,49260400
2022-09-08,293.27178955078125,294.58923504644343,288.32409480360485,289.69032244366866,55649800
2022-09-09,299.6833190917969,300.1810279756889,293.27177320994116,295.52605613582205,56125200
2022-09-12,303.2453308105469,303.57712686254604,300.7470771871738,301.0593663354785,45905700
2022-09-13,286.6163024902344,295.7114920734445,285.7282470797957,294.5209158923819,79562200
2022-09-14,288.8901062011719,289.7683933119644,285.9917378884854,287.75808045201677,54907200
2022-09-15,284.07904052734375,289.37806861756616,282.4785809670192,286.97740905861184,65299400
2022-09-16,282.3419494628906,282.73229597764134,278.731177193004,280.7805336223577,79920400
2022-09-19,284.5406188964844,284.6970440569441,279.6426884526191,279.7013441584104,52613800
2022-09-20,282.27252197265625,284.5601839494864,279.9750741000764,282.0378693199994,51271100
2022-09-21,277.2181396484375,287.3757802061988,277.08128628170294,283.11327668494283,82931000
2022-09-22,273.80621337890625,276.70000432671964,272.58416975490826,275.6930415739473,62757100
2022-09-23,269.34820556640625,271.63586769229045,265.93623941777963,271.3425593161207,74815200
2022-09-26,268.233642578125,273.2391277430711,267.4417608144934,268.878885095722,71176700
2022-09-27,268.34124755859375,273.94307663877163,266.0242277024173,271.59675876301304,69780100
2022-09-28,273.67913818359375,274.9598376182292,266.84547923320525,268.32168776244924,79652100
2022-09-29,265.78961181640625,270.0716577150531,262.8273790808432,269.69036575980726,81216000
2022-09-30,261.2826843261719,269.0353210743035,261.12625917908525,264.9683567551903,78482400
2022-10-03,267.4124450683594,269.00599456249716,261.54663628113104,263.052202223666,61267400
2022-10-04,275.8200988769531,276.52399709567806,272.7503114179168,272.7503114179168,66696900
2022-10-05,275.6734924316406,277.4625511231233,269.2602100468539,272.05623146486425,55766300
2022-10-06,273.503173828125,277.8243037680566,273.18053757441095,274.67631791285686,53489400
2022-10-07,263.0815734863281,268.9962530554361,261.75197442759656,268.8691557371326,71354700
2022-10-10,260.4517517089844,263.6681793088625,257.7437134187237,263.2771014291403,60393000
2022-10-11,256.87359619140625,261.6444597639264,255.19206279838772,258.7799963749924,66522500
2022-10-12,256.7854919433594,259.4250873012281,256.0913797735356,257.5089319559915,50580200
2022-10-13,262.8078308105469,264.12764394193346,248.5734536032913,249.45333399672413,112894100
2022-10-14,254.9085235595703,265.7309494570083,254.32196646625434,265.1346064671202,77244300
2022-10-17,263.32598876953125,264.1960683906086,260.77434594840025,260.8721154137595,64576500
2022-10-18,265.40826416015625,271.0100915814728,262.729524945079,270.3453071832955,69781000
2022-10-19,264.44036865234375,267.5590253570758,262.0745096705027,263.89289567299016,53115400
2022-10-20,263.0912780761719,268.6931360370133,261.92792015057984,263.5507676104997,60605500
2022-10-21,269.26019287109375,269.7978800833209,260.85252752642265,261.9865874878013,77897700
2022-10-24,272.222412109375,273.151147234624,265.887328094791,269.52413061213724,63963600
2022-10-25,277.8536376953125,278.2349296698417,271.68476317219097,273.16100158374826,59014500
2022-10-26,271.7140808105469,277.6287902965968,271.2252633241817,272.2322261526919,63492400
2022-10-27,266.7672119140625,272.05621993697093,266.2490666463493,270.5995535840702,57760300
2022-10-28,274.9305419921875,275.3998175773541,265.97540096188175,266.14161205508304,62651300
2022-10-31,271.7336730957031,273.5031901429792,269.8174869234159,272.6819802841649,47742000
2022-11-01,268.9571838378906,275.7615457618074,268.59546361670215,275.2042865823816,45895900
2022-11-02,259.7380676269531,271.98783336025116,259.66962601443583,268.9278309425427,79803100
2022-11-03,254.6641387939453,258.5844648018636,254.2828766474066,257.1277981579473,70038900
2022-11-04,258.7602844238281,260.6471117909907,253.2855254234533,259.59127969054293,78313200
2022-11-07,261.6052551269531,262.142972091056,257.67517453380106,259.8064109324985,47333800
2022-11-08,263.5117492675781,266.74771876778345,259.58163742819613,263.12070123011625,63213800
2022-11-09,257.4308166503906,262.55361373285587,257.14729418920933,261.77151778448103,64862100
2022-11-10,276.42626953125,276.71954806888135,267.7253248392745,269.83701981536905,99256700
2022-11-11,281.5197448730469,282.1845592972137,274.90116716615194,276.2405222408589,66961800
2022-11-14,279.0560302734375,282.74170207602833,278.0783956465925,279.4666201090894,55290700
2022-11-15,282.9177551269531,286.70119711003974,279.5742309122213,285.67466264711777,73985400
2022-11-16,279.0560302734375,283.00568251970276,278.23482076709263,280.96242972980167,48859800
2022-11-17,278.4402160644531,279.9164544303959,274.44169257936795,274.5981177562604,55462100
2022-11-18,278.4500427246094,281.5491293550107,276.0059549185898,281.45138971081485,53588600
2022-11-21,275.58551025390625,278.21532062913855,274.75451464007284,277.0617186327833,40083500
2022-11-22,279.5546569824219,279.711052281029,274.187422141993,276.3186884823213,41873400
2022-11-23,282.360595703125,282.98626669491034,279.39836234461114,279.57432951401415,46390000
2022-11-25,280.5030212402344,281.47087025300624,280.0142037856951,280.7669719250677,15498800
2022-11-28,276.3870849609375,280.54203224468296,275.4583499397137,278.5281072421885,38714200
2022-11-29,274.2950439453125,277.0128679016486,272.9263609879941,276.6120339936034,35618900
2022-11-30,286.7989501953125,286.9065055448826,273.70843484346506,274.5589724039487,74718100
2022-12-01,287.1509094238281,289.13550697653733,284.3744300291789,287.121581571721,51547300
2022-12-02,286.0071105957031,286.88700597383513,281.9108175119256,282.0868144885837,53583200
2022-12-05,281.20697021484375,285.15659447763073,279.75027365012517,283.88568080095115,41482100
2022-12-06,275.3802185058594,281.1873727687558,273.991993519204,281.0505193835465,53937600
2022-12-07,274.2558898925781,276.25027324305955,272.54502898857334,274.19723419124455,45614300
2022-12-08,277.501708984375,278.46955811599247,273.53251315292846,275.6050946410666,42594900
2022-12-09,275.73211669921875,279.2516078103331,275.2921691221875,276.4848847255361,47860500
2022-12-12,279.19293212890625,279.2516176649539,274.87180303489004,275.908093532643,35732500
2022-12-13,282.1943664550781,290.24031409170993,279.51565582063466,290.0154472774468,80667700
2022-12-14,280.1021423339844,284.89254665162576,276.856387797035,281.607678370785,64984400
2022-12-15,270.6973571777344,276.68047833241644,269.5046413384967,276.01566388796755,60554100
2022-12-16,268.1164245605469,271.55768935120545,266.51308868537467,270.0228249280898,68300400
2022-12-19,264.3484191894531,268.4741081086413,263.11364035829007,268.38591389305566,44167900
2022-12-20,264.1426086425781,265.8869638627262,261.6044756479317,263.18222187170676,51064200
2022-12-21,267.9742736816406,269.27762774929147,264.3385435697956,265.18133792927495,46394700
2022-12-22,261.41827392578125,265.0931820504398,257.2043613322855,264.96578045041497,60278400
2022-12-23,262.0062561035156,262.67266222528946,258.25296279970826,260.1541178129993,39373600
2022-12-27,258.3019104003906,261.50644919316005,257.7629358770659,261.39863634460903,38009000
2022-12-28,254.8916015625,260.15406455243925,254.52901545801257,257.9001331477215,47139000
2022-12-29,261.1045837402344,262.04535151900467,256.99848543176233,257.6942594207979,45893600
2022-12-30,260.9478759765625,261.07527757710335,257.03778328615977,258.34113754746767,37858300
2023-01-03,259.18389892578125,264.7403425754029,256.8809508045334,263.2703795073479,42335300
2023-01-04,260.4186706542969,262.09445023311,257.27295778358507,261.300672498505,47754900
2023-01-05,256.3419494628906,258.9192895246878,256.0283800668829,258.75271045594553,45396700
2023-01-06,263.4173278808594,264.5345139897655,255.12674587120546,258.0764808613979,54659700
2023-01-09,265.1225891113281,269.77747289377504,264.51500906581396,265.40676048327515,45568700
2023-01-10,267.36663818359375,267.47445101402536,263.583948018736,264.0935243898107,35247800
2023-01-11,271.9921569824219,272.09996982647135,267.6508731910464,268.4348714453479,44077000
2023-01-12,273.4621276855469,274.4911198155303,268.25846062265697,272.55075772684324,60600000
2023-01-13,275.3437194824219,275.5887133592469,270.6300396848258,270.96322776853043,44802900
2023-01-17,275.9023742675781,277.1861400760994,273.9816003119782,275.14777381841895,36269700
2023-01-18,272.3155822753906,278.9892126837552,272.1097958051242,277.4408347282873,47754500
2023-01-19,269.6402282714844,271.82558420366604,268.40547959041226,270.6888091384825,44150400
2023-01-20,277.0194396972656,277.35262774545413,270.1890099432116,271.2474001259053,60613600
2023-01-23,283.1736755371094,284.39864475391676,277.06844810068554,277.8622257606587,52799900
2023-01-24,282.5954895019531,283.751853248069,281.03733226985304,281.5567180138864,44875100
2023-01-25,281.9682922363281,282.5856515284954,275.54943634148947,278.08756867530457,50872000
2023-01-26,287.4660339355469,287.6424223629357,282.7425444478146,285.38849048457257,51596300
2023-01-27,290.3274841308594,292.2874346780867,286.03518764739596,286.15277989519404,56441900
2023-01-30,284.45745849609375,288.48517308170074,284.0850929525682,287.0641967396339,49405800
2023-01-31,288.7203369140625,288.81834043174297,284.38886255344715,284.4966454883634,46705100
2023-02-01,294.8942565917969,297.35397489362185,286.44684220280044,288.5146061711699,67562200
2023-02-02,305.4779357910156,307.3986792194791,300.58786806855676,301.41104382361254,83070600
2023-02-03,300.048828125,306.13449622905244,298.44168419535396,298.8336683313794,76170800
2023-02-06,297.5107116699219,299.7842616499401,296.16815023108865,297.4323268010993,40802300
2023-02-07,303.6748046875,304.80177050137615,296.2661924961063,297.3833489851689,67584000
2023-02-08,298.2751159667969,303.30239469294725,297.58915111170046,302.36162665672765,56720900
2023-02-09,295.6390075683594,302.8026262239471,294.18866293953266,302.65563587730645,49137800
2023-02-10,293.6986389160156,295.5311881263179,291.2976872269125,293.4830431320697,50050100
2023-02-13,298.4024963378906,298.99048753364445,293.92400177687483,295.09998416838243,39636700
2023-02-14,300.60748291015625,301.55806033599276,294.8844296115814,296.82479185684485,64079100
2023-02-15,302.910400390625,303.0769794600468,298.1085269393555,298.7944917715508,43100600
2023-02-16,297.2265319824219,302.25381065614226,297.0795416511825,298.28492218029794,59498600
2023-02-17,295.1294250488281,295.88399541718906,292.1307024125652,295.0412308426414,58230700
2023-02-21,288.1421813964844,292.7480779905276,288.0050003843626,291.3075128776228,46526700
2023-02-22,288.35772705078125,290.42546054300556,286.7015664298325,288.7203131204909,51389200
2023-02-23,290.8763732910156,292.16013897210604,286.69185821627843,292.00333928273466,69294400
2023-02-24,286.0058288574219,287.1033965295427,284.24185517881966,285.9176346594632,74332000
2023-02-27,288.0538635253906,290.55278789637225,287.46587252443476,289.1612400974568,48995000
2023-02-28,287.6816101074219,290.1903450360639,287.093618816479,287.4268069031681,48243100
2023-03-01,285.36883544921875,288.0441490292622,284.38886009383884,287.3875822887834,58287000
2023-03-02,287.7305603027344,288.53414730120545,282.59549882206886,282.87970005937706,53565900
2023-03-03,293.6790466308594,293.914261084036,288.96536693308644,289.4749733262371,60511500
2023-03-06,294.01220703125,297.9125198668912,293.8162298962756,294.91379755285436,56736300
2023-03-07,290.4059143066406,294.9824127073463,289.7983343272335,294.06123341389787,65955800
2023-03-08,291.85626220703125,292.45403280782995,288.975132322113,290.8272701587182,50876300
2023-03-09,286.79962158203125,294.9530245830803,285.98622520297346,292.3560656900784,71456700
2023-03-10,282.77191162109375,288.4557873254567,281.62535706186685,286.9662054618756,98593600
2023-03-13,284.8691101074219,288.5734166863263,279.4792442969985,280.988415097732,97123600
2023-03-14,291.4153137207031,291.9640976158507,287.5738264546701,288.4165910413327,73602500
2023-03-15,292.944091796875,293.2772799039836,287.36802837614084,288.8085936693205,83631500
2023-03-16,300.6662902832031,301.02887644464795,291.2389304597185,292.0327082473355,98198100
2023-03-17,299.24530029296875,302.9594157617402,297.2951586443175,300.5780825063804,89923700
2023-03-20,300.3072814941406,300.6311608615665,296.4205793211497,298.62893759374526,56359500
2023-03-21,304.5964050292969,305.04788323131515,300.72932185078076,302.24082881743965,49757000
2023-03-22,300.4544372558594,309.41546731911467,300.2876003277634,304.52762457022,75791900
2023-03-23,304.01727294921875,308.3358335477737,301.3279933399785,304.1841398375628,74576000
2023-03-24,305.1362609863281,305.23438628802813,301.26917759155515,303.5953103540764,57195200
2023-03-27,303.045654296875,306.9127374035687,302.19176055680384,305.833089590293,50287400
2023-03-28,301.43597412109375,302.49600280278304,299.1294607378363,302.466559225668,48585900
2023-03-29,306.932373046875,307.5507181893601,304.31177457462326,305.1264302220419,53274300
2023-03-30,309.8375244140625,310.4656939492293,307.0206459205841,309.40566534682836,58354800
2023-03-31,314.9903869628906,315.22596553535897,309.7590450153617,310.0633053000576,62138100
2023-04-03,314.224853515625,314.48987569045227,311.54539785656647,312.8703889195931,47126800
2023-04-04,313.1649169921875,315.67753618087414,311.9478455441044,314.6665997881821,45875400
2023-04-05,310.0731506347656,313.15502177624506,308.25738336194655,312.2127972814154,62795700
2023-04-06,312.1636962890625,312.6544425683742,307.0305093772387,308.4242120369294,46916500
2023-04-10,311.98699951171875,312.03609210575996,307.45250919646037,309.238832639675,45134700
2023-04-11,309.9847412109375,312.0066431747439,309.47437592996783,311.9477260723513,40113600
2023-04-12,307.24639892578125,312.52683299595236,306.7850962851923,311.93793154691537,62813300
2023-04-13,313.262939453125,313.73403663078875,307.82546322301357,309.0032361199437,54613800
2023-04-14,312.6740417480469,314.43089158193646,309.7688026716277,311.71216841092246,56278300
2023-04-17,312.9390563964844,313.292409262093,310.1908894540763,312.26182419411003,43007000
2023-04-18,312.95867919921875,315.4713275158406,311.76128712291046,315.04926298343963,46746900
2023-04-19,312.8115234375,313.87155230471603,310.4265034154332,310.5541022561888,38960100
2023-04-20,310.4264831542969,313.3611364890163,309.14073022453687,309.84740610563057,62462100
2023-04-21,310.7503356933594,311.52572317920414,308.2868098097779,310.0633088936985,59002300
2023-04-24,310.1025695800781,311.85941960168043,307.9334495735245,310.52460416943904,44043100
2023-04-25,304.25286865234375,309.14071237711994,304.15474335870545,308.4733046259451,57121600
2023-04-26,306.0980224609375,309.11121124343276,305.5778326998528,307.63897267967195,55400500
2023-04-27,314.42108154296875,314.9216222755435,309.2191540959588,309.85714808817,65430400
2023-04-28,316.59027099609375,316.6786017414344,313.0568914185701,314.1856019905179,59712600
2023-05-01,316.22711181640625,317.64046359518244,315.14746393639973,316.1289565631733,41013400
2023-05-02,313.4690856933594,316.48227491711145,311.7318247639411,316.15836561209886,56519400
2023-05-03,311.4177551269531,316.5018789481338,311.3097753794873,313.83221822361713,59882100
2023-05-04,310.3185729980469,312.3404456476123,309.2879876486706,311.1920859618002,50224500
2023-05-05,316.91412353515625,317.7680172064844,310.3577309572595,312.5759135629798,51806100
2023-05-08,317.69927978515625,318.0428081183412,315.37314757178615,316.45279521060826,36465800
2023-05-09,315.687255859375,316.90429695051574,315.37317107689563,316.0405787750842,31768800
2023-05-10,319.1225280761719,319.9764218717756,315.64803577940484,318.1213864238547,60446600
2023-05-11,320.1628723144531,320.7026812198648,318.1213510973268,319.67212605397896,44278500
2023-05-12,319.0144958496094,321.11490410960397,316.9631801847053,320.6928395840267,48432800
2023-05-15,320.741943359375,320.9774919751465,317.9643028030483,319.4856341539702,33375600
2023-05-16,321.1051025390625,322.8128899714254,319.9861866676694,320.0254547559925,40019200
2023-05-17,324.9918212890625,325.5708983222604,320.9873447050186,322.16511784019536,47486100
2023-05-18,331.0279846191406,331.24391418025004,325.36478333622733,325.3844024044097,64213500
2023-05-19,330.2820739746094,331.9505933702211,329.2220452265491,331.24391752243963,61554900
2023-05-22,331.3912353515625,332.4021717129923,330.01712150258163,330.02694601523456,43015900
2023-05-23,327.1903076171875,330.82184165067144,326.83698471374663,329.6735122617162,48216700
2023-05-24,325.51202392578125,326.7487142213428,323.460707928602,325.2372071881873,62891200
2023-05-25,333.4326477050781,334.69878147156203,330.4391074318428,332.86339520970245,66862800
2023-05-26,341.95196533203125,342.7862399093372,334.3552233152055,334.4533785512602,63007000
2023-05-30,343.50274658203125,347.37962387982896,342.0795705146639,346.18220186431466,72652200
2023-05-31,341.5496520996094,344.11136374964576,340.0970620010398,341.92262413663076,65105400
2023-06-01,345.4952697753906,346.82026101516874,340.24427761393247,341.2944820367804,50488600
2023-06-02,348.0863342285156,349.24448827334294,345.49520941716,347.25205955281666,53372100
2023-06-05,348.3316955566406,350.883582144611,347.30114037340985,347.8703928659199,47266200
2023-06-06,348.2727966308594,349.2346700680704,346.3981423533168,347.7231632246743,41390400
2023-06-07,342.3642578125,350.5106344564043,341.73608816769587,348.55747375650026,69225900
2023-06-08,346.6140441894531,347.07534682770165,342.4329068233246,342.6586309114903,47153900
2023-06-09,347.9390869140625,351.04060676974495,346.4962917589313,348.06668572991623,53196900
2023-06-12,353.8182373046875,353.9163925495602,348.62616331728384,349.59783135014015,44606500
2023-06-13,356.5369873046875,357.3712319959438,353.3667556384782,356.5664308825815,57097800
2023-06-14,359.1280822753906,359.41272347330965,353.74952280701973,356.54675233361814,69525600
2023-06-15,363.4073791503906,364.88941228016756,357.24360818604436,357.861923226728,71138800
2023-06-16,361.1204833984375,365.949439076742,360.6788298000614,365.82184027517656,80932000
2023-06-20,360.60357666015625,361.9992210577164,357.645252046979,359.6698977267216,49204700
2023-06-21,355.68939208984375,359.89594138420165,354.76552112387077,359.46348986847545,53378300
2023-06-22,359.8861083984375,360.0433362169983,354.0382053490681,354.44117286954963,47603000
2023-06-23,356.31842041015625,358.6182598188581,354.6279363156579,355.99406677913646,48922900
2023-06-26,351.54180908203125,358.5789391758396,351.453357180665,355.78768031078647,52685500
2023-06-27,357.5862121582031,358.3135332350128,352.35753276050247,353.08482384345353,49428100
2023-06-28,358.2840576171875,360.23005920746044,355.68934883834453,355.76799273738425,46498000
2023-06-29,357.56658935546875,358.6280720795625,355.92526531964336,357.9892028503114,46151000
2023-06-30,363.080322265625,364.1319369850528,360.9279028966516,361.24238851694764,58712500
2023-07-03,363.9353942871094,364.5643955337729,362.63803984892405,363.7191685474118,19432900
2023-07-05,363.92559814453125,365.62592029282894,362.33340387544496,362.372725830964,34460900
2023-07-06,361.1539306640625,361.5962201137862,358.26438224364455,360.220251816887,49374700
2023-07-07,359.95489501953125,364.12215218790664,359.7288612774692,360.92792588819304,47133700
2023-07-10,360.0727844238281,360.7509455502349,357.1734281529696,359.6796549287457,48498800
2023-07-11,361.851806640625,362.3039041308839,358.3627105914411,360.4954841759857,38214100
2023-07-12,366.4219970703125,367.7684815318609,363.9452239058997,365.95022361188575,61975400
2023-07-13,372.6434631347656,373.46904443348916,369.01678421909406,369.59665572674976,46960000
2023-07-14,372.56475830078125,376.28969622897483,371.6900172609404,373.0758237437194,55148500
2023-07-17,376.0439147949219,376.91865566796974,372.80055896012004,373.2821403432519,40868900
2023-07-18,379.1202087402344,380.48636899587035,373.4787239294401,375.40507947563793,55262000
2023-07-19,379.03179931640625,381.32183065046223,377.70496086028794,380.1817339767386,54093000
2023-07-20,370.29437255859375,377.50840607614344,369.27221176229006,376.0439558023817,71941700
2023-07-21,369.1837158203125,373.40010235740306,368.7512643809259,372.67278130360324,60499600
2023-07-24,369.7734680175781,371.1002764580917,367.9158882106813,370.15675956883325,40380100
2023-07-25,372.2796936035156,373.9406936381096,370.46143575568584,370.48111172850344,38894400
2023-07-26,371.0413513183594,372.73183551991457,368.7415117640106,371.23793110681225,47075700
2023-07-27,370.1567077636719,378.10786927680925,368.8691914614197,376.49602939965484,63940200
2023-07-28,376.89910888671875,377.92123984671184,373.6950441625476,374.20610964254416,56902900
2023-07-31,377.09564208984375,378.2750608303682,375.77864149278133,377.2037699714263,44019900
2023-08-01,376.2209167480469,376.97769191496076,374.1569490273522,375.7491432709596,41060600
2023-08-02,367.96502685546875,372.7514469360487,366.7266403892012,372.7514469360487,72687100
2023-08-03,367.3753967285156,369.4983325592285,365.3900427604383,365.5571385870663,47666400
2023-08-04,365.6553649902344,371.6113658724889,365.1541075912585,369.30168863408903,61702800
2023-08-07,368.7513122558594,368.8496021400914,365.13447246946816,367.46379575584587,37230400
2023-08-08,365.6160888671875,366.2647661725059,362.49066820926964,366.2451201913258,44726500
2023-08-09,361.59625244140625,366.05834931171427,360.83947730891896,365.9010914931724,51150900
2023-08-10,362.26458740234375,367.9355570708687,360.74119910131196,364.6037487888542,72035300
2023-08-11,359.95489501953125,361.6847010137196,358.4315067818279,359.70918530416867,48707200
2023-08-14,363.9944763183594,364.112412214462,358.44144125514964,359.1588946210638,42130800
2023-08-15,360.1318054199219,363.8174509109836,359.4634522422092,363.0213238905632,45539900
2023-08-16,356.31842041015625,361.12448699666004,356.2201305221544,359.59126072419207,53190500
2023-08-17,352.4263000488281,358.05797679257125,352.0135245770987,357.7139772368915,62604300
2023-08-18,351.9841003417969,353.2421329350638,348.6227781037681,349.1633574955248,61191400
2023-08-21,357.6550598144531,358.33322103619656,352.9865751686361,353.44851063860824,50696500
2023-08-22,357.14398193359375,360.269402241501,356.4559827490985,360.2595642550805,44530200
2023-08-23,362.77569580078125,363.8666627083653,358.1072104618857,358.32343624575765,51770600
2023-08-24,355.0210876464844,366.34338158228024,354.81469986472706,366.24512168211504,66842500
2023-08-25,357.7729797363281,359.46346372196984,352.42633410703627,355.8564620160863,69960500
2023-08-28,360.4659729003906,361.3996517770629,357.99903788003854,360.6920066314646,40910000
2023-08-29,368.3385009765625,368.6923385554893,359.94507888520656,360.2694025048502,58492400
2023-08-30,370.3927001953125,370.9726016140873,367.444183123251,368.4466981238266,41731500
2023-08-31,371.5032653808594,373.2035874718416,370.402490614343,370.471296535716,35730700
2023-09-01,371.1100769042969,374.29446482958525,369.62598080619506,373.87185136915167,39801200
2023-09-05,371.5819091796875,372.80061981456237,369.38032965344104,370.30420061660834,32344200
2023-09-06,368.30902099609375,371.149439669224,366.3040513379726,370.805440073003,42998700
2023-09-07,365.67510986328125,366.4515611435932,362.815044508696,363.8568515458327,52060700
2023-09-08,366.1861267089844,368.4171903454123,365.22296372375945,365.6259312968317,35800100
2023-09-11,370.5008239746094,371.0118894636385,367.2476292407002,369.2133072669349,39936600
2023-09-12,366.3924865722656,370.48109960097645,366.10745492048966,368.8299076129813,41391000
2023-09-13,367.78814697265625,369.3901792248548,365.49814546694387,366.6284042357523,46300700
2023-09-14,370.7956237792969,371.77846268664996,367.4736534672886,369.5375911776395,48039400
2023-09-15,364.4465026855469,369.8619548094555,363.5127937007819,369.45898724728664,69811200
2023-09-18,364.8264465332031,365.93866706384733,363.2220951509311,363.5075394553146,36903500
2023-09-19,364.0487976074219,364.846047022524,361.0271075817854,363.50746579523855,37621700
2023-09-20,358.802734375,365.46617463630355,358.7239766256181,365.11185487592627,45514200
2023-09-21,352.22784423828125,355.9090030735523,352.0605365859801,355.1215757656396,69734800
2023-09-22,352.27703857421875,356.1058002061891,351.9620676839268,353.9699695629412,51589700
2023-09-25,353.9502868652344,354.0388968388634,350.32821151607146,351.31247308077525,39168000
2023-09-26,348.63525390625,351.91286148829664,347.6509924164087,351.37149964651775,53657700
2023-09-27,349.4522399902344,351.36170985960024,345.8301345452568,349.78688532316824,56066000
2023-09-28,352.3755187988281,354.50152754238655,347.68057155948935,348.536874378989,56453300
2023-09-29,352.6313781738281,357.23774510147166,351.4010512242257,355.84993269784667,64829600
2023-10-02,355.5743408203125,356.9719754148044,352.2869108139904,352.8971481752992,51625100
2023-10-03,349.3341064453125,355.3282554041325,347.71990315980014,353.1333414353524,60478500
2023-10-04,354.088134765625,354.9345853814986,349.7081583317905,350.1707625168533,54786700
2023-10-05,353.0447998046875,354.48181334692805,349.55068309904425,354.07826248177054,45897400
2023-10-06,358.9601745605469,360.15112254352925,349.26519295376465,350.0525901245861,75049100
2023-10-09,360.7909240722656,361.3322559289201,355.1018933143861,356.597960109658,45304800
2023-10-10,362.78900146484375,365.43666773183907,360.6236438363475,361.1255968573327,46968800
2023-10-11,365.3775634765625,365.5645755687648,362.39525226575506,364.11770992962386,38215100
2023-10-12,364.10784912109375,367.85788302935276,361.7161008874376,365.8795378416843,49587900
2023-10-13,359.5310363769531,365.31849875234707,358.13337184276384,364.73778807689456,52469900
2023-10-16,363.5960693359375,364.649236422345,360.7023379238582,360.84997115156034,44201100
2023-10-17,362.4051208496094,364.0980519457113,357.93656492665207,360.0527212874597,50999100
2023-10-18,357.651123046875,362.1196789996307,356.32236391560224,359.9149426875973,54280500
2023-10-19,354.30462646484375,360.2593967452439,353.50737702332975,359.06844869661955,72274200
2023-10-20,349.0191345214844,354.37351949388653,348.7927435626663,353.80263100200693,72559700
2023-10-23,350.07232666015625,353.60582210048005,345.59391848351896,347.70025266627835,60665200
2023-10-24,353.47784423828125,354.2455670218574,350.1904143682358,351.88334538295214,47082100
2023-10-25,344.826171875,351.2632505247359,344.24546119183015,351.08609066287613,71190500
2023-10-26,338.2513427734375,344.56046319125295,336.9619624891379,343.62540266266313,78621400
2023-10-27,339.8753356933594,343.3497775820773,338.66468323660894,340.97770376587494,63476700
2023-10-30,343.7041015625,345.02300826728754,340.9973826442415,342.3556381791839,55298500
2023-10-31,345.3478698730469,345.72189409468723,341.1647579872037,343.7336964353076,47671900
2023-11-01,351.3420104980469,351.9030468160759,346.0860571858595,346.18448935280355,58992700
2023-11-02,357.72003173828125,357.95624490601404,354.62943595313834,355.8499407400772,58162400
2023-11-03,361.9228210449219,363.21220132553935,358.7830241681351,359.0094151473788,53280500
2023-11-06,363.3992614746094,363.960297864334,361.1354715320039,362.6905918342425,38848700
2023-11-07,366.8343200683594,367.7004450680254,363.241741103211,364.4425414885638,50777400
2023-11-08,367.07049560546875,367.9071239093316,364.7870016580929,367.2082765996101,35663400
2023-11-09,364.2457275390625,368.90126606687403,363.7535966985052,367.7595489495898,53859400
2023-11-10,372.4347839355469,372.5824171770866,365.43666791374335,365.96817762056844,58309800
2023-11-13,371.2732849121094,372.3264519626699,369.33428848820785,370.85991188861345,40733500
2023-11-14,379.2655334472656,380.1809196223346,377.14937687893797,377.67103435891903,67792600
2023-11-15,379.55096435546875,381.64744643002416,378.19267850224793,381.15531561580104,54141400
2023-11-16,379.8757019042969,380.11191502996064,377.5233027245562,378.78315612355334,45343500
2023-11-17,379.96441650390625,380.97820491058053,378.2419584317802,379.1474624259611,46571900
2023-11-20,384.5903625488281,385.2498310279321,379.9741733069402,379.9741733069402,44429600
2023-11-21,382.35614013671875,383.10418863348156,380.61400775783403,382.8876498600651,43337000
2023-11-22,383.92108154296875,386.8837186036944,382.9171455132762,384.4230645764553,44121000
2023-11-24,383.3797302246094,384.1080741677964,382.3856164361023,383.51751122375975,15718800
2023-11-27,383.0450744628906,384.9938930766563,382.1690672796005,382.8875890129527,34139700
2023-11-28,384.04901123046875,384.62972193238,381.9426771250106,382.2970268974436,35491100
2023-11-29,383.675048828125,387.9369187872778,383.3305512275053,386.5097273149748,38811700
2023-11-30,382.71038818359375,384.40331917550225,379.747781475712,383.9407150661645,52834400
2023-12-01,383.802978515625,384.3935414950963,379.99389085209225,381.6474431647872,40490100
2023-12-04,380.2399597167969,380.51555177142023,376.6375585502535,380.0135687287101,51186900
2023-12-05,381.19464111328125,382.38558910649584,378.1630989012916,378.34028879793397,42933000
2023-12-06,378.9898986816406,384.2261773485947,378.64543116817373,384.1277451859132,41994100
2023-12-07,384.28521728515625,385.1119933558489,380.8698286160153,381.96237452044045,49593500
2023-12-08,385.99786376953125,386.440763442931,382.36593626126034,382.5529483580109,46687500
2023-12-11,389.295166015625,389.56093589114397,385.36797155305123,385.5746580939018,41198000
2023-12-12,392.3955993652344,392.5137059555065,388.20263518688597,389.3345300600356,39221200
2023-12-13,397.3857727050781,397.9960100971529,392.56289682480116,393.33061967890825,55408100
2023-12-14,397.04132080078125,399.90549576506845,394.039304750529,398.60629321740066,55447800
2023-12-15,398.9605712890625,400.14169715869406,397.2184391667707,397.818824291693,62896600
2023-12-18,401.47344970703125,402.37092028167035,399.0276249383445,399.3530667480488,46610000
2023-12-19,403.52490234375,403.64324484426675,401.7398327339718,401.9272183922163,35711900
2023-12-20,397.52862548828125,404.81686222390726,397.3511117357138,402.7260644342573,54042400
2023-12-21,402.154052734375,402.5189822599552,398.8995134090892,401.4538395044679,45568900
2023-12-22,402.755615234375,404.32371344102273,400.8817888923147,403.36707150520004,34314000
2023-12-26,405.22119140625,405.8918189348546,403.5150068640605,403.61363564115584,22722500
2023-12-27,406.0460510253906,406.33221584781865,404.6448582070806,405.50335267436475,31980500
2023-12-28,405.8487548828125,407.447309237934,405.49354065707996,407.20062265458364,27029200
2023-12-29,404.0923156738281,406.18424303030133,402.1780255292888,405.8289987195395,42662100
2024-01-02,397.25421142578125,400.7078236681065,394.9353514690267,400.461137079369,58026900
2024-01-03,393.05072021484375,395.68534662041543,392.61657945877596,394.62952063794694,47002800
2024-01-04,391.0278015136719,394.2939291818346,390.8107161348315,391.1856845267472,39432800
2024-01-05,391.4916076660156,394.2643624530388,390.1002917227411,391.19559581132245,44922800
2024-01-08,399.5829162597656,399.86905099818864,392.5671345830091,392.7151405016946,42473800
2024-01-09,400.372314453125,401.2998583916522,396.38585093731285,396.5832122441471,39132900
2024-01-10,403.0858459472656,404.0923162885945,399.7999941615258,400.68805977012255,33962800
2024-01-11,403.92462158203125,405.75010833943963,398.88233210983117,404.3587923820562,54536200
2024-01-12,404.1318359375,405.79943969142045,402.7405199592706,404.96069926457324,39595000
2024-01-16,404.0923156738281,405.67111570510156,401.43796583773303,402.8983611364545,43903000
2024-01-17,401.81298828125,402.18795672683933,397.5798679575851,400.78679371902757,54386000
2024-01-18,407.5162658691406,408.09844245980617,403.7370415219043,405.07900177568905,59562500
2024-01-19,415.5977783203125,415.75566133387474,409.1346024284831,409.71677910237185,70325100
2024-01-22,416.1405029296875,419.10074165177724,415.53857206404774,417.79822938691245,44880600
2024-01-23,417.8673095703125,418.08439494816366,414.9958743913693,416.831207947934,33003800
2024-01-24,420.1861877441406,424.1529273697124,419.69281456588413,421.77486503694314,46948000
2024-01-25,420.6993103027344,423.3536603803969,418.360726282685,422.68264997969175,44367200
2024-01-26,418.19293212890625,420.5611171421055,417.54167598048286,418.81458709390614,37137000
2024-01-29,422.47540283203125,422.67276412816915,417.99556640503255,418.6468225465606,38694700
2024-01-30,419.6632080078125,422.0116691243493,418.7554182347818,421.43936949466547,36739000
2024-01-31,411.4436340332031,417.2654315784379,411.26602691421135,415.272214756942,64010600
2024-02-01,416.28851318359375,416.7818863090862,412.2724487149399,413.2394708816232,51008600
2024-02-02,423.32403564453125,424.5377143092311,417.18647251424335,418.1830657905494,59602400
2024-02-05,422.77142333984375,423.9160224374684,419.36713688926557,423.38320116850315,39889200
2024-02-06,421.9228210449219,424.5179684735846,419.5842372747902,423.9160376085168,35846100
2024-02-07,426.2645568847656,427.0934202261627,423.4029984199902,424.70551086208974,37712700
2024-02-08,427.0539245605469,427.8137083440557,425.7020869952788,426.38291421422974,29889900
2024-02-09,431.2574157714844,432.0468308013728,427.39926461911506,428.1886495358991,36943900
2024-02-12,429.5700988769531,433.3197526076636,428.8892415712298,431.1488988628783,33203300
2024-02-13,422.8700866699219,425.5540376317795,419.6927625909073,421.6169297930613,64491700
2024-02-14,427.478271484375,427.90256520413857,423.19579577332206,425.5442569952469,45092700
2024-02-15,428.7511901855469,429.2149622005433,425.6133137308573,428.16901342001694,38796100
2024-02-16,424.8633728027344,429.2247747002088,424.15291424350715,429.12612415809764,53716500
2024-02-20,421.65643310546875,424.37983239693597,417.8870550394781,422.87011177333653,53999500
2024-02-21,419.9690856933594,420.05791936146005,416.04185462250535,418.9231370059664,49779000
2024-02-22,432.2640075683594,433.3000792548435,427.9617775568409,428.731438553029,53887800
2024-02-23,430.99102783203125,434.7505286525933,430.0141586762791,433.82298476432334,39853900
2024-02-26,430.7641296386719,432.7869778301254,430.5766454132906,431.8002314283755,33043200
2024-02-27,431.8002014160156,432.185016827134,429.2642561126333,431.86928088648324,33713200
2024-02-28,429.50103759765625,430.8825064645186,428.5438925123563,429.6589206142435,32938800
2024-02-29,433.181640625,434.25719051548447,429.25437937497003,432.4218567885407,42495200
2024-03-01,439.7040100097656,440.66115513774344,434.01049462540504,434.0696969951267,43853000
2024-03-04,438.13507080078125,440.12831755147187,437.8883842316844,439.7039937666643,34325700
2024-03-05,430.270751953125,435.1058333617922,427.9025666362307,435.0959562616823,57917100
2024-03-06,432.9744567871094,436.1320271664218,431.09964466921923,434.48417755889216,46234500
2024-03-07,439.546142578125,440.7992995133113,435.0169506522898,436.55630255352224,44526700
2024-03-08,433.20135498046875,442.6938797953184,432.53037471556775,439.901370869489,72096000
2024-03-11,431.5929870605469,432.8461440453612,429.6688196926347,431.71139180076773,45860000
2024-03-12,437.7798767089844,438.13509093051266,430.67529114733907,433.9019708917608,55300900
2024-03-13,434.4150390625,436.8029782510088,433.30001097548626,436.78322405350747,37928700
2024-03-14,433.31976318359375,436.1714441905976,430.6062109929357,435.64846988201316,52195200
2024-03-15,428.1689758300781,433.0533520394362,427.0045922881317,430.2904743925129,73069800
2024-03-18,432.2525634765625,435.77002263361766,432.0154107319482,433.4876272298241,47323800
2024-03-19,433.32958984375,433.73469442402046,428.15218143620706,430.2468751531262,43004100
2024-03-20,438.4673767089844,438.803310427028,432.8256140023546,434.5250629102318,43653500
2024-03-21,440.5423889160156,443.97092782657467,440.3447967654427,443.5164327120339,39345700
2024-03-22,441.0462341308594,442.1429563269523,439.17880316614946,440.0285427517674,28253900
2024-03-25,439.4455871582031,440.9276637079466,437.2521126584658,438.2500236979711,27789200
2024-03-26,438.0227966308594,441.8860798362607,437.79553403539165,440.967169447926,34142000
2024-03-27,439.5147399902344,441.20432901385453,436.6493979452697,441.105517877216,41359200
2024-03-28,438.70458984375,440.3151180026423,438.34887575907896,439.4653783552645,36839600
2024-04-01,439.63330078125,442.18245907233614,437.726339451207,439.6530509460299,38729000
2024-04-02,435.83917236328125,436.15535592740196,432.7959884791613,434.8214810155187,44259700
2024-04-03,436.8173522949219,438.6946431607458,433.7049976814608,433.71485768745384,39949800
2024-04-04,430.1381530761719,441.60944178188765,429.9108904729682,440.996824784503,57267700
2024-04-05,435.20684814453125,437.8745980464935,430.7507282504202,431.5609373498813,54744600
2024-04-08,435.3352966308594,437.2125875865216,433.9520311978938,436.13561556539395,28144900
2024-04-09,436.9458312988281,437.94374236584986,432.21305827665964,437.66708927505294,39443600
2024-04-10,433.13189697265625,433.9914964882746,431.0668740728693,431.7782719742298,61502200
2024-04-11,440.04827880859375,440.9967993468194,432.7268171178065,434.99935255997985,45474600
2024-04-12,433.03314208984375,436.95570613893716,431.6597667487768,435.82934357135736,53665000
2024-04-15,425.9092712402344,436.86675345867155,425.06942184073426,436.77783248501964,63453600
2024-04-16,425.9488220214844,428.5770414842701,424.56555655499864,425.75119974644684,47619000
2024-04-17,420.7516784667969,427.9446892970782,419.82290801689595,427.9249391300538,56880500
2024-04-18,418.3506774902344,423.1229505525132,417.7775910246494,421.39386130267076,46549400
2024-04-19,409.69537353515625,417.69859329896826,408.13426609892537,417.17492743365193,75231000
2024-04-22,413.8155517578125,416.1473377835961,408.9938577655325,412.3235850098198,47807700
2024-04-23,419.99090576171875,421.1864391995663,413.86497662605376,415.7422677634582,44384700
2024-04-24,421.4136657714844,424.59519137964264,419.1312702431236,423.0834744692618,48440300
2024-04-25,419.3783264160156,420.2379260997075,413.1437260161894,414.23055816853235,57392200
2024-04-26,425.8499755859375,427.38144255529767,421.8187408244751,422.5103584239281,41874900
2024-04-29,427.5791015625,428.57704279451684,424.84221094712433,427.9545657944638,30022200
2024-04-30,419.5166015625,427.39136982222493,419.4375707439293,425.9982141906258,43665900
2024-05-01,416.4832763671875,425.00030192305,415.6335669199923,418.0938044365129,52251700
2024-05-02,421.7989501953125,422.6980801902515,415.6038815105745,420.21806262347377,36559000
2024-05-03,430.2764892578125,431.26454032422834,427.45064752834196,429.2489077059209,48515300
2024-05-06,434.989501953125,435.0784229348323,431.3040604511998,432.07473911225696,30227200
2024-05-07,435.0586242675781,436.68890238965724,434.32744602239535,435.43408847265937,30996100
2024-05-08,434.8017883300781,436.2048342357661,432.32177028509693,432.44036175201296,24896700
2024-05-09,435.7502136230469,436.3233000524617,433.2208056351538,435.06845606390397,24580100
2024-05-10,436.77783203125,439.0009468290101,435.23647485037026,437.25210737649155,27116600
2024-05-13,437.7856750488281,438.78361632455744,436.3727691901708,438.6848051824084,22994200
2024-05-14,440.6015930175781,441.1351490219814,437.1730547027617,437.36078681259016,34478300
2024-05-15,447.4883117675781,447.7353245285619,441.5600055039681,443.0717223950717,41464700
2024-05-16,446.5793151855469,449.2569250327754,446.41133324323863,447.30057313923777,34780400
2024-05-17,446.3619384765625,447.31045901301263,444.16846400588616,446.70773221124824,35803700
2024-05-20,449.47430419921875,450.1362815132888,446.39158976534486,446.5793218760035,24474200
2024-05-21,450.35369873046875,450.54143085979473,447.42907579122794,447.6266980809167,23167700
2024-05-22,450.2647399902344,451.3614923460644,447.6661608786562,450.6105638917276,25120000
2024-05-23,448.2392578125,455.0765544193966,446.4508877649814,455.04691409303155,40899200
2024-05-24,452.4779968261719,453.7427009819922,448.1503283413245,449.8497773775448,29669500
2024-05-28,454.1873779296875,454.2466585906996,451.23311442850445,453.6933523192994,26216800
2024-05-29,450.9860534667969,452.76453341311486,449.8991912094127,450.0375328389557,29739200
2024-05-30,446.1544494628906,450.19560488160533,444.83046464487313,450.0572632581326,30536800
2024-05-31,445.324462890625,447.0733324786168,437.76587868424843,446.38168470948995,55941300
2024-06-03,447.7156066894531,450.1363138301229,442.54808850150624,449.13840270768463,32997500
2024-06-04,448.9407653808594,450.1362987474651,445.73948952356676,447.4586887576052,23767400
2024-06-05,457.99127197265625,458.0703027841876,448.9802518119225,452.5076010658575,33817400
2024-06-06,457.8331604003906,458.9891932703978,456.6672675249454,458.6730097320975,21966800
2024-06-07,457.4281311035156,460.17491196915165,456.3215186904431,457.467661590533,25829700
2024-06-10,459.2757263183594,459.63144035265606,456.0151701274093,456.30171335602006,20660800
2024-06-11,462.4276428222656,462.5462342770449,456.5092266656226,458.001193404112,22053300
2024-06-12,468.4844055175781,470.80633154634563,465.6585939506412,466.35021160302534,34532600
2024-06-13,471.023681640625,472.6737401049363,468.7511763645749,472.01173265680745,25859000
2024-06-14,473.46417236328125,473.5333431716281,470.361677676087,470.8260628632491,23372600
2024-06-17,479.2640075683594,481.04248727720847,472.42671164925935,473.7309160310512,37054500
2024-06-18,479.4122314453125,480.09398906770866,477.65350181941676,479.21463933122305,24438600
2024-06-20,475.7169494628906,481.0227788796813,473.8890489544044,480.6078143162827,33918700
2024-06-21,474.4423522949219,476.77416848361605,472.9504156934659,475.440293517699,37456800
2024-06-24,469.041015625,474.9490574140219,468.9024843141438,473.2172197227776,37751000
2024-06-25,474.4047546386719,474.7016290052878,470.1889574276186,471.129109923321,29014700
2024-06-26,475.3844909667969,475.92880093044886,473.1677483971883,473.58337252856364,22737100
2024-06-27,476.6116027832031,478.0861593754013,474.32557950230506,475.1370763918568,26222100
2024-06-28,474.1375427246094,482.1436072423702,473.49429478929665,477.4033117975724,34881600
2024-07-01,476.9184265136719,477.4824878396145,471.3171649653183,475.05793318372764,24898300
2024-07-02,481.9259033203125,481.98527819601577,475.2954269921551,475.4240826231297,26723600
2024-07-03,485.9437561035156,486.0724117323164,481.17377316359585,481.17377316359585,18064900
2024-07-05,491.0106201171875,491.4460560048313,486.4880424937544,486.7849470721582,28495900
2024-07-08,492.1783447265625,492.73253034096933,490.35744482196145,491.376753741408,22109400
2024-07-09,492.6038513183594,494.8107179929136,491.089731729335,493.6924409381137,25614500
2024-07-10,497.7400207519531,498.29420637540426,493.2174734535237,494.5237508797434,28046900
2024-07-11,486.82452392578125,498.05673460649984,485.6369961812132,497.8489225363497,49966600
2024-07-12,489.68450927734375,494.43468031357077,486.9333627636992,487.3984860685638,37109400
2024-07-15,491.0006408691406,495.8102164727636,488.96202324563734,491.4558582469822,31151400
2024-07-16,491.1887512207031,493.2669624935249,488.0318560940838,492.45546558304693,25950600
2024-07-17,476.76995849609375,483.7269967148813,476.70070794093556,483.21240438634226,56268800
2024-07-18,474.5136413574219,480.6690887882238,471.32705866428927,480.4909641521686,49347400
2024-07-19,470.3077087402344,476.690779451391,469.0212128794801,474.1771324025522,42042900
2024-07-22,477.31427001953125,478.3335790011108,472.75209900040915,476.1663054051844,40300000
2024-07-23,475.6318664550781,479.4023218426893,475.15686747764715,476.413675873234,23282500
2024-07-24,458.5708312988281,469.2686376662744,457.7098653963061,468.90248253079744,58818600
2024-07-25,453.5138244628906,463.08347745644176,450.9012394618867,458.90727360561084,59256800
2024-07-26,458.16510009765625,461.0943714926242,454.998298988983,457.8484139466182,39992100
2024-07-29,459.08538818359375,463.05377989321454,456.8290524680878,460.87660060595,28218500
2024-07-30,452.781494140625,461.7177744944523,449.4365688567625,461.01515173154047,41317200
2024-07-31,466.1809997558594,467.8831499165186,461.5693600159238,463.0141989264488,44552100
2024-08-01,454.8894348144531,470.61450517713496,451.2476348425809,466.86386133368035,56653900
2024-08-02,444.0926513671875,448.86263428021607,439.85707252429887,446.21045588905764,66323200
2024-08-05,430.85150146484375,437.6996954353394,419.0552302659208,420.30213280152026,87483500
2024-08-06,434.9683532714844,442.4301081222253,430.04993302092026,432.6922358150409,63164400
2024-08-07,430.2576904296875,444.3400139949741,429.86184790505104,441.85605458654345,54929200
2024-08-08,443.4197692871094,444.3302042707087,432.61308784093444,436.48251202336974,47890100
2024-08-09,445.73541259765625,447.36828199277033,440.98521139268263,442.1034884926195,33574000
2024-08-12,446.69537353515625,449.65433226208825,443.8947276771572,446.7052794147843,27795000
2024-08-13,457.77911376953125,458.0463309110078,450.9507312570199,451.08929276754145,40084500
2024-08-14,457.9275817871094,460.2828556615313,453.6425036465701,458.69948537304487,34733700
2024-08-15,469.4962463378906,469.8920888985799,463.5189240086724,463.89498501162524,38280600
2024-08-16,470.0998840332031,471.46556648913753,466.75495864422777,467.71489267478665,38383600
2024-08-19,476.2751159667969,476.314709281999,468.4571123615935,470.23844913548015,23737700
2024-08-20,475.275634765625,477.92781315701507,473.5833602435094,475.36469707718084,29209300
2024-08-21,477.49237060546875,479.34295796614543,474.3453815043976,476.0574073595781,25658800
2024-08-22,469.9217834472656,480.50083988140653,468.89256861321644,479.8080927390778,37739600
2024-08-23,475.0182800292969,477.72983304685914,470.34726573430817,474.2661580883122,36061500
2024-08-26,470.40667724609375,475.3943780311616,468.32846606891127,474.47403729011756,27452600
2024-08-27,471.81195068359375,472.8807286031664,466.8143440444415,468.77380546465093,27510000
2024-08-28,466.45806884765625,472.0692054646564,463.0339871430499,471.346801146548,37372400
2024-08-29,465.7752685546875,472.9698061378377,464.4986483367516,468.36807210677364,41081500
2024-08-30,471.3270263671875,471.9504927515124,465.626826998042,470.1098112366977,33466500
2024-09-03,457.0171203613281,468.41754961460447,454.6420347086688,468.28892418329235,44985200
2024-09-04,455.8295593261719,459.6297325855357,452.9794746829276,453.9097213390106,32505100
2024-09-05,456.255126953125,460.53026908790207,453.18729411410754,454.20660310052904,34452400
2024-09-06,444.0332946777344,456.43325146305574,443.53848390385747,455.55247378914544,50624400
2024-09-09,449.74334716796875,450.7329685991711,445.15151943163164,448.3578832044554,32981200
2024-09-10,453.89984130859375,454.4045579828943,447.5365817441025,451.5049437765593,29680300
2024-09-11,463.75640869140625,464.49862479430976,446.5963760163785,455.1368141392579,57843000
2024-09-12,468.3087158203125,469.12021274769836,462.004831315396,463.7861380430132,40067800
2024-09-13,470.40667724609375,471.5843292398022,467.34875045430647,467.57637427019046,29111800
2024-09-16,468.3284912109375,468.94205173790556,465.0132831893614,468.2790222139315,22585600
2024-09-17,468.5758972167969,472.64325748454945,466.082061787513,471.3468556724097,30084400
2024-09-18,466.54718017578125,473.8604676353551,465.9434953333067,469.7733560531388,39909200
2024-09-19,478.34344482421875,481.18368396372693,475.50323588556273,477.60122868202563,52782500
2024-09-20,477.4329528808594,478.66997963668604,473.33590576915435,477.48242187075306,34577700
2024-09-23,478.69854736328125,479.7886668451641,477.271487358506,478.60935989339436,24843000
2024-09-24,481.007568359375,481.9589315670274,475.85432326157445,480.10574366251944,25952600
2024-09-25,481.45355224609375,483.40584748164935,480.20486720146965,480.3832421383325,26549900
2024-09-26,485.07073974609375,489.2627322137733,481.4337116875212,488.93568125355074,32020200
2024-09-27,482.3751525878906,486.23020427686686,481.1958457378582,486.0914480623736,22851100
2024-09-30,483.6833190917969,484.0202596018101,478.5796124436247,481.41389274489046,30281100
2024-10-01,476.94439697265625,483.6139194959118,473.1091848680393,483.31662795419345,42735400
2024-10-02,477.61834716796875,479.53099347672526,473.42635462803594,476.0426111384499,23744000
2024-10-03,477.26153564453125,480.19492312784206,474.6848980169124,475.42815712622803,25337200
2024-10-04,482.9400634765625,483.4950278786583,478.0543806808698,483.0688998990654,30686600
2024-10-07,477.7669372558594,482.1967625321667,476.5479814908954,481.0273755179477,24975100
2024-10-08,484.9022216796875,485.5860224668313,479.5012237331116,480.3039411365778,28272000
2024-10-09,488.7176208496094,489.2924248153579,483.564375972424,484.6049266009383,24995000
2024-10-10,488.1626892089844,490.0257969581118,485.13019433844016,486.4383376827158,25750400
2024-10-11,488.92572021484375,489.94649172199814,485.7644194068518,486.32927332481586,20644500
2024-10-14,493.028564453125,494.3465973585844,490.808706825702,491.3141024770898,26060100
2024-10-15,486.4383544921875,494.019591930527,484.28784466660454,493.355600435728,34784500
2024-10-16,486.4978332519531,487.27082160671534,483.1878559254946,486.7653956751536,22996800
2024-10-17,486.834716796875,492.02761076485535,486.7752584875692,491.97807225486406,27210700
2024-10-18,490.0257873535156,491.1159067857121,488.8662898112495,489.61946873591097,25335000
2024-10-21,490.9672546386719,491.7699720639436,486.894178959246,488.81674495745733,30336500
2024-10-22,491.5024108886719,492.9790396580823,487.5482818189782,488.301460782079,26685800
2024-10-23,483.9707336425781,489.807810381201,480.6904854755737,489.15373865923567,39346600
2024-10-24,487.8951110839844,488.56899209054706,485.0409912405532,487.68697675640317,22024900
2024-10-25,490.8681640625,495.7835760452956,489.98614869868027,490.68978912710674,38762100
2024-10-28,490.9474182128906,494.0393713144082,490.65012666208736,493.9799130042475,20477800
2024-10-29,495.6646423339844,496.84394921613693,489.4113580647336,491.2645459528903,28014100
2024-10-30,491.91864013671875,495.8529597761459,491.43305383710356,494.9015965333086,29756000
2024-10-31,479.5012512207031,488.00412245137545,479.40214395365643,487.954583939498,41245200
2024-11-01,483.0490417480469,486.33920932217706,480.83910402420423,481.13639556987664,33655800
2024-11-04,481.641845703125,484.9815519553387,479.8976545652101,482.4445631601672,23291600
2024-11-05,487.78607177734375,488.450063211135,483.13822247067543,483.2274099331328,24353600
2024-11-06,501.0359191894531,501.8584762261197,495.10968577343385,496.0610489877298,43082200
2024-11-07,508.92431640625,509.70725465257993,503.77107179071777,503.83053009542596,32853100
2024-11-08,509.5190124511719,510.2919704920393,507.80452026333353,508.4288627704024,22924500
2024-11-11,509.2216491699219,510.9460004278616,506.3278807292483,510.7378661259614,24167500
2024-11-12,508.29998779296875,510.0342589618139,505.2476838428485,509.1523041657435,25835300
2024-11-13,507.6459655761719,510.35140934593795,505.36664976558126,507.7946415908849,24567400
2024-11-14,504.1180114746094,508.18113740505333,503.2062669199819,507.30907205086606,28679500
2024-11-15,492.1069030761719,498.80612454252906,490.04558089937717,498.41964553643646,51461100
2024-11-18,495.5259094238281,497.6268806924794,492.265501060555,493.6529120920853,27080800
2024-11-19,498.93499755859375,499.42061410574536,492.6123348353257,492.94930559999926,24523000
2024-11-20,498.6475830078125,498.95479434633813,492.096977151282,498.6376632087343,29565500
2024-11-21,500.4413146972656,502.4034993526954,493.08799140909434,501.68996941164187,34526700
2024-11-22,501.24407958984375,501.97741895532835,498.2611231276005,499.88639768637404,23826600
2024-11-25,502.0368347167969,506.85316942781503,499.727789745264,505.31708246990956,26375200
2024-11-26,504.7323913574219,505.55494837109245,502.6710994101925,503.5134355358176,26557100
2024-11-27,500.7584533691406,503.6720316612962,497.41874708868886,503.6026837920866,24957400
2024-11-29,505.15850830078125,505.7531216213566,500.7683318681806,501.38275454356886,15334000
2024-12-02,510.65863037109375,511.6199436122003,506.03062055439545,506.417129810714,25147200
2024-12-03,512.2244262695312,512.5019386948712,508.7558838722561,509.3306878343324,18597900
2024-12-04,518.5570068359375,518.8146796626284,514.9298686374995,515.6434288103802,26086200
2024-12-05,517.1199951171875,519.3299326318131,516.7334859011141,518.6065131914003,18169600
2024-12-06,521.748046875,521.9858801083601,517.6551619389516,517.7839983547849,23762600
2024-12-09,517.6849365234375,521.6192257616104,516.5353285463648,520.8264281316256,20674400
2024-12-10,515.9208984375,520.6579655236552,514.4938385293885,518.9137744707876,24350000
2024-12-11,525.1571044921875,525.8409052468438,519.875053656175,520.2813419948772,32168600
2024-12-12,521.7678833007812,524.2057949010591,521.2922168369533,522.9372703487448,23577500
2024-12-13,525.7617797851562,528.3780062636245,522.5607689543002,525.6924016663945,28780400
2024-12-16,533.3330078125,534.3042408794819,528.2094917796982,528.2887896903175,31979900
2024-12-17,530.9841918945312,532.6490847158486,529.329218870587,531.5391561683037,28579100
2024-12-18,511.8280334472656,532.0546259876975,510.38119437057514,530.3401942657196,54703200
2024-12-19,509.5487060546875,517.0705149732767,509.21179579232137,516.5056307829288,46441800
2024-12-20,513.9983520507812,520.1030209685301,504.71260298135905,505.852260942774,60530000
2024-12-23,519.006103515625,519.3833002478667,512.3159202923702,515.7106302984251,29672800
2024-12-24,526.043701171875,526.1330021589947,520.316321172994,520.9516062143355,17558200
2024-12-26,525.6863403320312,527.3142356084127,522.4206745678785,524.4158307733787,19090500
2024-12-27,518.6983642578125,522.559632331355,514.0330843757536,522.1228814363513,33839600
2024-12-30,511.7997131347656,515.522001257147,508.0476479190875,511.70047635181544,34584000
2024-12-31,507.4521179199219,513.8345638741997,506.48928482473434,513.0802310210817,29117000
2025-01-02,506.45947265625,512.8221071633047,501.97285552495356,510.4993728244697,36389800
2025-01-03,514.747802734375,515.8099028942349,508.74252327822325,509.5564103096281,29059500
2025-01-06,520.6636962890625,524.0187233784725,518.1722957509822,520.1475802181556,36109700
2025-01-07,511.3728942871094,522.1030076792526,509.4869713360559,521.7059999662438,36690300
2025-01-08,511.4621887207031,513.0999589170985,506.79690947040035,511.2735903919427,30777800
2025-01-10,503.4419860839844,507.799529251394,500.1961615298894,507.700292461824,40532500
2025-01-13,501.8240051269531,502.28059733248006,496.00732395497107,497.4962392396563,31694200
2025-01-14,501.3475646972656,506.39004165996994,497.8833646668992,504.98052179626774,33737200
2025-01-15,512.8816528320312,514.0231181011155,507.6803552886918,509.23879071405617,34957600
2025-01-16,509.2884826660156,515.224272558158,509.1594384871324,515.1448467748171,28229000
2025-01-17,517.8843994140625,520.1971979799845,509.3181691473964,518.9861821179226,51837900
2025-01-21,520.921875,522.0832120911833,516.2169118563148,520.6042324328826,23628000
2025-01-22,527.582275390625,529.875202608773,525.3489023631776,525.6566091124832,33593000
2025-01-23,528.703857421875,528.8229657869698,524.5448186856646,525.1304247166951,23096600
2025-01-24,525.7161865234375,529.8454186239994,524.247142698527,529.0811499069405,19878300
2025-01-27,510.4100646972656,514.1620993962705,506.3800397959972,507.2237644449725,60771700
2025-01-28,517.9539794921875,519.1351881754546,507.9980993704096,511.4126509421013,33194200
2025-01-29,516.9812622070312,518.7282661051813,513.0803108268819,518.5992219137866,26649000
2025-01-30,519.1846923828125,522.2121410225601,514.380493502768,519.8398489654351,27431300
2025-01-31,518.4303588867188,527.5921922182381,517.3385119017584,523.0261489535886,38755200
2025-02-03,514.28125,517.000992221849,507.27342449560086,509.6755241871737,40580800
2025-02-04,520.5942993164062,521.2295844539116,514.4004206860424,514.7974890430145,26046800
2025-02-05,522.9566650390625,523.11551659981,516.7727228160936,517.9638671852232,21134100
2025-02-06,525.6863403320312,525.8948102853632,521.8548794809367,523.4629031663001,19434500
2025-02-07,519.0557250976562,528.1678797493125,518.3311390158517,526.2224024701397,29605500
2025-02-10,525.3389282226562,526.4407109622551,522.8574028177311,523.3239005134812,20852800
2025-02-11,524.0882568359375,526.0039872775455,521.9442454321847,522.0732896066455,19325500
2025-02-12,524.3959350585938,525.2793726405877,518.0928847804781,518.4402741025981,25009400
2025-02-13,531.9398193359375,532.2574012792994,525.2793832223591,526.0635234537466,28714800
2025-02-14,534.1731567382812,534.8580601398642,531.7114424599516,532.0489565555039,17862600
2025-02-18,535.3840942382812,536.0094434356852,532.0786857068766,535.7414193270516,20565000
2025-02-19,535.5330810546875,536.8135264180986,532.4956962288245,534.590089236306,19666900
2025-02-20,533.2598876953125,535.1160636766159,528.5251788659228,534.7488027980122,26550800
2025-02-21,522.1923828125,534.421347555334,521.8251218909734,534.4014759647268,47093800
2025-02-24,516.0282592773438,525.1602852244356,515.6908057368098,523.9790766643296,39268400
2025-02-25,509.52667236328125,515.4823335308943,505.67533996149535,515.402907751773,48940000
2025-02-26,510.757568359375,515.8198568025589,507.5911389871664,511.72043188204816,34457600
2025-02-27,496.57305908203125,515.2341477107384,496.35468364163813,514.3010917647001,52448000
2025-02-28,504.41473388671875,505.0202115627976,493.2577747457523,496.43413947250224,47654000
2025-03-03,493.3768310546875,509.24865663396366,489.9324728451074,507.7399002086125,44587200
2025-03-04,491.8879699707031,500.0174498903787,484.1356867718227,490.5280988504062,67875400
2025-03-05,498.30023193359375,499.9082555325708,487.6296728031353,492.5331693757525,46323700
2025-03-06,484.59228515625,494.8955530213461,482.60706486522406,490.04170516165766,57574300
2025-03-07,488.15576171875,489.6347411717219,476.9789615630039,483.5599718062666,54714700
2025-03-10,469.23663330078125,480.39356231594445,465.1967024947357,479.8774159142813,76668000
2025-03-11,468.1149597167969,475.27167052229146,463.5588826960084,468.8594173402994,68760800
2025-03-12,473.39569091796875,477.50508157643935,468.3035955192933,475.61912817116786,46971100
2025-03-13,464.8790283203125,472.76035523811606,462.98313932199375,472.73057814566323,46563300
2025-03-14,476.11541748046875,477.00876061202655,469.62373821824536,470.2292461988736,43563000
2025-03-17,479.2024230957031,482.2497437290607,474.26914911026887,476.06577117794853,41744400
2025-03-18,471.03326416015625,476.0657749736721,468.91899953639006,475.86727110411596,39072300
2025-03-19,477.33636474609375,481.7435264527976,471.36083156550126,473.2864979024419,40430300
2025-03-20,475.71832275390625,480.9692083343736,472.6610667046265,473.3559058863872,36780500
2025-03-21,477.2866516113281,478.05095050682746,469.41526054496114,470.5765974343295,42234900
2025-03-24,487.76043701171875,488.60541998448804,481.53742091872255,484.8576794709337,34567200
2025-03-25,490.5438537597656,490.70291186860106,487.5218407035887,488.4861096315565,26035200
2025-03-26,481.51751708984375,490.24562966600536,479.96673847902554,489.390696139039,34627100
2025-03-27,478.77386474609375,483.70454516246133,477.41196560654595,479.55920474042404,33469800
2025-03-28,466.1687927246094,477.68034714960163,465.28403763438615,476.974551402309,46363800
2025-03-31,466.1488952636719,467.08331235256605,454.6273605455005,459.19026229129486,53000300
2025-04-01,469.9065856933594,470.8310825660288,461.6755176682955,464.538472789733,41156200
2025-04-02,473.3361511230469,476.7260031222664,463.1069521266998,463.3654253458386,49894500
2025-04-03,447.9967956542969,457.3511902166352,447.4798795534505,453.742637111202,70456300
2025-04-04,420.1722106933594,437.7675929050692,420.1722106933594,435.55079068681124,117088400
2025-04-07,421.1861572265625,440.5212273303754,400.01204418212296,406.24497996843866,161557000
2025-04-08,413.60125732421875,440.52124286102435,407.3683213181599,435.5706616527368,101248100
2025-04-09,463.2461242675781,465.06529634282225,412.97496569005153,413.11415290728195,142876900
2025-04-10,443.5432434082031,452.89763762867176,430.07333074405074,450.8796353482819,108384100
2025-04-11,451.7146911621094,453.09649143953806,438.7219217931667,442.0223093443537,52483800
2025-04-14,454.7765197753906,462.30176158755654,449.955174921676,461.7152518499013,43941200
2025-04-15,455.2834777832031,459.64754944257936,453.4543549864483,455.83024573579985,35404200
2025-04-16,441.5550842285156,449.94520996662885,435.17304059444126,446.37642892854547,48980600
2025-04-17,441.4755859375,445.10401010316673,438.7517574071589,444.5274509761507,44837000
2025-04-21,430.55047607421875,436.4851969411389,425.40109511314887,435.6402443758458,44149300
2025-04-22,441.8533020019531,444.93495790304166,435.0338262355641,436.2267468236976,52304400
2025-04-23,451.8737487792969,460.641633756553,450.20368411807647,455.46243104941027,55801100
2025-04-24,464.5882263183594,464.8963919630137,453.13628372441656,453.7824668540816,45956100
2025-04-25,469.76739501953125,470.2942617606861,462.639783263479,464.210432874224,38697100
2025-04-28,469.6182556152344,472.0040665388327,463.27595392675005,470.23458681729716,33550800
2025-04-29,472.7198486328125,473.60460372916896,466.81494870601875,467.3915381780168,30613100
2025-04-30,472.66015625,474.37994353629085,459.6972091439361,464.36944608517086,46810600
2025-05-01,478.83343505859375,484.300932012728,477.898987697636,480.5532222946606,43316500
2025-05-02,485.94122314453125,488.00894827712347,481.9648613296433,483.66477784831574,39218100
2025-05-05,483.058349609375,486.14003597307794,481.2391774925475,481.73622270162116,28309500
2025-05-06,478.5650939941406,482.1835675083398,475.36412148604,476.7260205679887,32786300
2025-05-07,480.4438781738281,482.9291041737698,473.9624196873836,479.2310866723673,38006300
2025-05-08,485.4044189453125,489.78836133137906,481.30877127503675,485.642990937839,39577600
2025-05-09,485.0863037109375,488.63521379310254,483.326774588034,487.31305654497106,27767400
2025-05-12,504.8488464355469,504.88861854839246,498.51649505607935,503.99391286415016,45090600
2025-05-13,512.5431518554688,514.3325026354601,505.4155095627927,506.15112683099704,53269600
2025-05-14,515.6148071289062,516.1615447200978,512.7021295054291,513.7161211405411,47014500
2025-05-15,516.181396484375,518.845551249811,512.1254910070218,513.46754933804,50153300
2025-05-16,518.4281616210938,518.6170412486316,514.0441884093638,517.5831482665423,48394600
2025-05-19,518.9251708984375,519.442117353632,511.2010686059385,511.2010686059385,52536200
2025-05-20,517.1954345703125,517.8515075410328,513.6067220946634,516.4001137065187,42517600
2025-05-21,510.0081481933594,519.909311026266,508.2187974987168,513.2191016405527,71292800
2025-05-22,510.9625244140625,514.6506220653856,509.2725584046473,510.6245069423915,55607200
2025-05-23,506.2306213378906,508.8152626278632,502.59224657648224,503.1887069260503,58368100
2025-05-27,518.1397705078125,518.6269257716245,511.5490069592283,513.099785560271,47226300
2025-05-28,515.8434448242188,520.5852756508032,515.326559052752,519.0941399870436,46637200
2025-05-29,516.857421875,523.3687019543887,514.2628604553026,523.2196247969079,58513300
2025-05-30,516.0422973632812,517.6030267064441,508.9047349583655,516.3703642123456,67662800
2025-06-02,520.1181030273438,520.3566750351536,512.9208369697641,514.18335129797,44762800
2025-06-03,524.1838989257812,525.6153916465726,519.6011563664897,520.4660102317107,44070300
2025-06-04,525.645263671875,526.7089478092026,522.8617616763219,524.889745168766,41359300
2025-06-05,521.688720703125,529.8999177687056,519.5713031286073,527.0468829475419,61031200
2025-06-06,526.7883911132812,528.6572860020211,525.0885352856423,526.8679353376542,42467000
2025-06-09,527.5637817382812,529.2039944759547,525.8837665533798,527.0070935472497,33688700
2025-06-10,531.0531005859375,531.7390254485366,525.7645319173196,528.0310266756026,40664800
2025-06-11,529.263671875,533.607902979141,526.9772759658763,532.4547240748923,53701000
2025-06-12,530.5062255859375,531.4804753804111,527.7029442130614,527.9514667987352,34104900
2025-06-13,523.8458862304688,528.7268432784747,522.6231138097035,524.5616021772432,55814400
2025-06-16,531.132568359375,532.2062030416474,527.3152949826874,527.3649873706377,37622100
2025-06-17,525.9534301757812,530.1783148927323,524.790300579849,528.5678931016404,42180900
2025-06-18,525.8638916015625,529.4028511373086,524.2833217813045,526.9673174269449,43983500
2025-06-20,523.7166748046875,530.4068839390565,521.7781863439574,529.1145785233912,61643500
2025-06-23,529.1017456054688,529.6192118620138,521.1400908129034,524.2849177292203,50666100
2025-06-24,537.1927490234375,538.1083222601969,533.6995634797794,534.3165868287479,45442000
2025-06-25,538.5661010742188,540.7058200544818,536.7946645040316,539.4618115177252,44804200
2025-06-26,543.6018676757812,544.0497229160504,538.9244439782782,540.7456288167091,43811400
2025-06-27,545.4629516601562,547.3538082383178,541.9299187322695,544.6369129629151,57577100
2025-06-30,548.9959716796875,550.1503850048523,546.3785725646466,548.6177881825827,45548700
2025-07-01,544.3682250976562,548.0704264374054,542.0493759591154,547.0950823478822,56166700
2025-07-02,548.1599731445312,548.3590266820488,543.5024119311546,543.5421983416136,36538300
2025-07-03,553.553955078125,554.5292991491806,550.528547956803,550.528547956803,26443500
2025-07-07,549.3840942382812,551.6830197478901,546.9458251844275,550.8669428006658,45349300
2025-07-08,549.6925659179688,551.3545443122363,548.4584584278795,550.7275591514004,36153300
2025-07-09,553.5838012695312,554.957191559505,550.448875446199,551.8222657361728,43045500
2025-07-10,552.7876586914062,554.6287670725607,550.1005880395711,554.2207589895446,34710900
2025-07-11,551.5436401367188,553.1259849885996,549.4039211443059,550.6479296881262,39618600
2025-07-14,553.5440673828125,554.280510790838,548.9860026438791,551.3346764161255,36453300
2025-07-15,554.0514526367188,558.1119130375835,553.9917426635853,557.5645614934275,43277700
2025-07-16,554.6188354492188,557.5248833529374,548.9163193085661,554.6089344039383,52314700
2025-07-17,559.107177734375,559.6147429299454,554.5392124594489,555.3453275516479,40423800
2025-07-18,558.56982421875,562.0231629422733,557.2959302535468,560.4208944407413,50484700
2025-07-21,561.4658813476562,563.3468370391857,559.3660092861638,559.3958946507648,39595200
2025-07-22,558.5598754882812,561.6449925970527,555.9325146805868,561.5952444003194,43270600
2025-07-23,561.1075439453125,561.1473303500087,556.8978386154415,559.6446191045442,40215300
2025-07-24,562.3018188476562,563.5259038068097,560.590031519654,562.4212388074466,42275500
2025-07-25,563.6553344726562,564.9789766749151,561.5654242523398,562.2222340881906,30630800
2025-07-28,565.4168701171875,566.3125198933016,564.1529379000713,565.0187630549528,31498700
2025-07-29,564.5410766601562,569.3678058353573,563.8145950597007,568.0243008153843,45463300
2025-07-30,565.2974243164062,567.88493787487,562.3416283337683,565.4566306884598,43433800
2025-07-31,562.3018188476562,571.8757036606775,561.1672684870435,571.7861083195327,64613600
2025-08-01,551.2251586914062,556.3405363278684,549.0356915374143,556.1514446022372,69400800
2025-08-04,561.3961791992188,561.6151562999452,556.2709001900665,556.3703965814645,47669800
2025-08-05,557.5845947265625,563.8444243211386,557.047144120063,562.6800492447384,48666600
2025-08-06,564.600830078125,565.0387235781728,557.9428929652461,558.4205728770752,41823700
2025-08-07,566.5115356445312,570.5719965866228,562.4013265086303,568.9298809926769,44463000
2025-08-08,571.7960815429688,572.0150586353669,567.4172078636645,567.7157577691117,35255500
2025-08-11,570.104248046875,574.0353274481827,568.8304148017489,571.9354554685915,33112900
2025-08-12,577.2697143554688,577.568264258411,569.7459530883017,572.4031383383943,42143300
2025-08-13,577.5584106445312,580.5241078283162,576.1650966595718,579.9667943828545,41209300
2025-08-14,577.1105346679688,579.0909866487473,575.139983732242,575.508266162602,45425000
2025-08-15,574.57275390625,577.060771050305,572.811218330625,577.0209239007323,49480200
2025-08-18,574.3438720703125,575.0007426774456,572.4828399211221,573.6771004174088,29831000
2025-08-19,566.5513916015625,573.7964659713523,565.5262993771687,573.6272978127284,53752600
2025-08-20,563.1876220703125,565.7253875756548,556.1614636230435,565.6059676042936,76781100
2025-08-21,560.5802001953125,563.774775630925,558.2911756152315,561.6450181787756,46436900
2025-08-22,569.2284545898438,571.238791941298,560.5702032580724,561.9634564557491,51502100
2025-08-25,567.58642578125,570.542161218221,566.4319517221652,567.6660593438861,34044700
2025-08-26,569.8653564453125,570.1738681264644,566.0736209319145,567.0987131018536,34103000
2025-08-27,570.7411499023438,571.6567231694875,567.6361094810705,568.8502933885167,36927100
2025-08-28,574.3140258789062,575.2295992365423,569.7161747720991,571.3582297430389,46787900
2025-08-29,567.666015625,572.273828233091,565.8148847062891,571.9055458127416,56030400
2025-09-02,562.908935546875,563.257233673264,556.8580604404501,558.6195961337324,65876800
2025-09-03,567.3375854492188,568.9597775003773,564.0135677896833,566.5015849549442,54230200
2025-09-04,572.4728393554688,572.8410610450118,566.3026052373926,568.0043701424134,47526300
2025-09-05,573.298828125,578.3345721151251,568.7905728965633,577.707586970244,68342500
2025-09-08,576.0953979492188,578.0559870759845,575.0006946855148,575.5977945125156,46371400
2025-09-09,577.7276000976562,578.155531799883,574.2742003720782,576.8915995273586,44007600
2025-09-10,577.9166870117188,580.9719796320359,575.7769677758832,580.942094267134,49308000
2025-09-11,581.2804565429688,582.0766099053841,578.8322257294989,580.4444560297375,44745800
2025-09-12,583.8480224609375,585.0422828265267,581.3002953608963,582.2357922273038,50745900
2025-09-15,588.843994140625,588.9534523182087,585.4702282697297,585.6195335974215,44360300
2025-09-16,588.3463134765625,590.0182535112544,587.6596183960106,589.7694518261646,36942100
2025-09-17,587.1720581054688,588.9136701422223,581.5690385221046,588.2667613743852,69384800
2025-09-18,592.4666137695312,595.2731046813599,590.1179399259114,592.0585449007204,61069300
2025-09-19,596.477294921875,597.1739519747998,592.9940703998658,594.4670180741508,58196100
2025-09-22,600.0083618164062,600.6759063866804,595.5446250028239,595.56457167487,57154800
2025-09-23,596.0228881835938,600.376978885606,594.8072966999976,600.1776946146698,64635500
2025-09-24,593.9305419921875,597.7167610032964,591.2005236200914,597.3979183069385,49850300
2025-09-25,591.3699951171875,592.9541745739684,586.3582716088486,590.0448183593098,70920200
2025-09-26,593.8009643554688,594.1297803627111,588.9088608410209,592.1868651388552,54337400
2025-09-29,596.5509643554688,599.858888854889,595.2357610619866,596.929586249639,48332900
2025-09-30,598.18505859375,598.5238479838199,593.9305790157047,596.2521164355429,46533800
2025-10-01,601.0545043945312,601.592517201177,594.1696797218984,594.9966151966095,46899600
2025-10-02,603.5254516601562,604.9502399376884,600.7356543050928,604.8506282086944,43765400
2025-10-03,600.9848022460938,605.1197232184186,599.2013385970163,604.3027001978111,46482100
2025-10-06,605.498291015625,607.1422494333636,603.7645725777412,606.2355880916678,41962100
2025-10-07,602.3099365234375,607.4910236381941,600.835342343377,606.8035324139453,58209500
2025-10-08,609.2147216796875,609.523591030116,603.0572205300643,603.2066381307736,50629800
2025-10-09,608.4774780273438,609.3841394863078,605.2691650224094,609.2546077331658,45551000
2025-10-10,587.3545532226562,610.9483641105261,586.9061788056832,609.1748739271294,97614800
2025-10-13,599.8190307617188,600.7556121211176,595.056398092238,597.497493628088,65872600
2025-10-14,595.8236694335938,600.4966033203683,587.9823159734815,593.1434568492728,69203200
2025-10-15,600.0283203125,604.4920576664449,593.7612333108135,601.8118449118447,62805500
2025-10-16,597.8064575195312,606.0961859916426,593.3328076253713,602.9078195311333,70982000
2025-10-17,601.7320556640625,603.306322454893,594.1995718879336,595.7738386787643,72024900
2025-10-20,609.3143310546875,610.5697551235123,604.8606284241672,604.9303809627713,45761700
2025-10-21,609.1549682617188,610.4900574537519,607.1024677916307,609.41403175621,44538200
2025-10-22,603.286376953125,609.1848147458128,597.5573034367524,608.5969960402966,61478800
2025-10-23,608.3578491210938,609.1449520725764,602.3199065464308,602.7084409478078,42844300
2025-10-24,614.8540649414062,616.1692681518385,612.8912638677524,613.7481193370727,47632500
2025-10-27,625.80419921875,626.2624862060553,621.7589773359792,622.2471843336021,54098600
2025-10-28,630.6165161132812,632.3701204498367,626.9598898422056,628.0658354818435,61195700
2025-10-29,633.4561767578125,634.69165413006,627.9562469711387,633.276839153424,67422800
2025-10-30,623.7715454101562,631.1944440896802,623.6619603385896,629.869267455657,61628600
2025-10-31,626.7805786132812,631.8919134270566,624.4092354874234,631.8619934183905,66305100
2025-11-03,629.7796020507812,633.5059808284601,627.5576766411583,632.7985429356352,37154300
2025-11-04,616.996337890625,624.6683271251044,616.2092348629542,621.0117005353788,63830800
2025-11-05,621.0116577148438,624.3195213581258,614.9637416360841,616.2390515684897,48688500
2025-11-06,609.4439086914062,619.7761638844125,608.078899450419,619.5270737190788,72115100
2025-11-07,607.5208740234375,607.730131632313,596.4911554011275,606.0960857298178,81835400
2025-11-10,620.9617919921875,622.0378784586748,614.644899897251,616.6674802752618,55919900
2025-11-11,619.307861328125,620.4536395227035,615.2726130875191,618.3115007347396,44868800
2025-11-12,618.8196411132812,622.5858524528388,615.5615225825271,622.5659665942537,47444400
2025-11-13,606.185791015625,615.8703865003098,603.8742272112875,615.2924803459697,71333600
2025-11-14,606.6441040039062,611.1177533949825,594.9966460866717,597.3679891941105,80087300
2025-11-17,601.4630737304688,610.2509824067986,597.686888568112,604.0934805750228,63850400
2025-11-18,594.1397705078125,600.1179339423381,589.1878876531316,597.4377215700049,83327300
2025-11-19,597.6868286132812,603.9539148983285,592.4260762649179,594.897031094223,73111500
2025-11-20,583.5385131835938,611.7953468701894,582.6218784315797,609.3940836964333,117743200
2025-11-21,587.9224853515625,594.807310091711,578.6264242609341,585.3319113971087,103344200
2025-11-24,602.9575805664062,604.4720682054578,592.9939741263881,593.1135933516537,60168100
2025-11-25,606.674072265625,608.0390815394395,595.1461718391749,601.3136469136847,57560900
2025-11-26,612.034423828125,613.9474190856081,608.1685399702174,610.2808195033393,42393600
2025-11-28,616.996337890625,617.0660904342964,613.1802595402138,613.8677508272276,23034400
2025-12-01,614.923828125,617.1855860502521,610.2907880213397,611.3967336448243,40957600
2025-12-02,619.7362670898438,621.4798980663827,615.3423437866954,617.2055331651553,54541800
2025-12-03,621.2507934570312,621.9481972408511,615.7807833814271,617.3649627124794,47841600
2025-12-04,620.6728515625,622.6655726885474,617.2852013230104,622.6555993528335,47067800
2025-12-05,623.2036743164062,626.6311575742,621.4401572213803,622.1077018660956,53614200
2025-12-08,622.0079956054688,626.5513972974647,619.4273950138578,624.9273247300189,43462400
2025-12-09,622.775146484375,623.5921694288306,618.7398984397635,620.7425928652799,37156000
2025-12-10,625.3258666992188,626.920080160108,618.7299643381673,621.5795410824109,55031400
2025-12-11,623.3033447265625,623.5026290294861,615.4719033941835,621.5497401616841,58272800
2025-12-12,611.3867797851562,621.2706598008424,609.1349951238292,619.8160122611713,75158700
2025-12-15,608.3179931640625,616.1693197420918,607.102462393675,616.1195138735233,49538200
2025-12-16,609.5235595703125,611.2771638485672,604.7011478051123,606.0462710202155,55152800
2025-12-17,598.224853515625,611.4167192166101,598.0953825829183,610.8288396926666,70654300
2025-12-18,606.8931884765625,610.6992932536183,604.7111563372118,607.5806797208244,78875800
2025-12-19,614.8043212890625,615.3722541519244,609.6431804668954,609.722906345813,60369800
2025-12-22,617.7513427734375,620.1855972768566,616.3147325600856,619.8862552767364,43703100
2025-12-23,620.6444702148438,620.9437513214359,616.3247143117193,616.7437078609482,41120400
2025-12-24,622.4602661132812,622.8094781897531,620.2554500580117,620.524833532521,18468700
2025-12-26,622.4202880859375,624.0464530908596,621.672054895625,623.1884327551913,28959800
2025-12-29,619.4074096679688,621.312944373981,617.2724362589381,618.6392040742111,32458300
2025-12-30,617.9707641601562,620.7142858196408,617.7612369489017,618.3798323976478,31226800
2025-12-31,612.8628540039062,618.4995685313527,612.6034567489972,618.1903012408169,40746500
2026-01-02,611.6757202148438,621.3827805917631,608.7127456204436,618.5993746796253,61859200
2026-01-05,616.5341796875,619.3475438678657,615.2671519649484,617.8610636312775,46828400
2026-01-06,621.951416015625,622.550039153126,617.0829067758982,617.7712838046286,43137500
2026-01-07,622.550048828125,626.4607976434537,621.0934661514185,621.5723159557587,44880300
2026-01-08,619.0083618164062,621.9514248328863,616.3446684463296,621.5623898130801,50435900
2026-01-09,625.173828125,626.4108973206594,617.6016810573577,619.946120817708,49688700
2026-01-12,625.6925659179688,627.368601054656,620.7941591397378,620.8440291770474,37388700
2026-01-13,624.7647705078125,627.9871421828441,622.2307758506613,625.7923733874012,44481400
2026-01-14,618.0905151367188,621.9813522711377,613.1122798122711,620.7741807448011,72598700
2026-01-15,620.3153076171875,628.5159146085045,619.2877047511574,625.1238996016858,53934900
2026-01-16,619.7965087890625,624.6051616315584,617.4221104790464,624.0265108868263,61058100
2026-01-20,606.6276245117188,613.611135001854,605.6199939698072,609.0918377338978,81988900
2026-01-21,614.8282470703125,618.958448118544,606.4280383777512,608.0342310571399,79837900
2026-01-22,619.2976684570312,620.9936758988773,616.3247080096578,620.8838887514372,42254800
2026-01-23,621.2530517578125,623.9267921630139,617.1926928942361,618.2701049354484,43645800
2026-01-26,623.9866333007812,626.1315320367429,620.654474506515,621.7419335987944,35983000
2026-01-27,629.6432495117188,630.5510790290263,625.8621995501378,627.428447510711,38997200
2026-01-28,631.7283325195312,635.1003753282191,630.3216807638972,633.9631070350727,50691700
2026-01-29,627.947265625,632.1772678570734,616.8135816536253,631.159712042883,79944000
2026-01-30,620.4050903320312,626.780052376051,617.8411370320566,624.2360714484229,65650700
2026-02-02,624.6650390625,627.0094788951942,617.2026180242116,617.2425627681274,49020300
2026-02-03,615.0676879882812,628.4959413976924,609.5207880738473,626.8199062679399,81234000
2026-02-04,604.3230590820312,613.6510093064408,599.0554677378625,613.5712416010163,81850700
2026-02-05,595.6236572265625,603.3852988890579,593.3589849842447,598.7961590682759,89354500
2026-02-06,608.2138671875,609.9696699932801,597.3594924154261,598.7761302609774,78019300
2026-02-09,612.8728637695312,615.0078372205985,603.6446538426547,606.1088060763491,56797600
2026-02-10,610.029541015625,615.566515685603,609.5706636004911,613.8605219833995,53938900
2026-02-11,611.6657104492188,616.0653561148772,606.2584951427149,614.9280269463444,58575100
2026-02-12,599.22509765625,614.3593449076634,598.1576109292407,613.2619605146361,81378900
2026-02-13,600.5020751953125,605.0513310342399,595.0150312237765,599.0155948438262,69237500
2026-02-17,599.8834838867188,602.527265543405,591.9422745141455,596.9703796848319,69013800
2026-02-18,604.3629150390625,608.3335807359596,599.3048511606997,600.691591343514,64250700
2026-02-19,602.0484008789062,604.3929016136949,599.3348375008546,601.3899824064425,60960800
2026-02-20,607.3758544921875,608.912204870808,597.818404566386,598.7063226521155,74127300
2026-02-23,599.9932250976562,606.5777139403463,597.6387991893799,605.1809875790976,63859100
2026-02-24,606.4380493164062,607.5554060860559,598.3172099190714,600.9809641013653,55023700
2026-02-25,615.227294921875,615.3769659271486,609.5606824638733,609.6305248735758,55710700
2026-02-26,607.8048095703125,614.1398874724765,602.5571907580546,614.1398874724765,96178900
2026-02-27,605.859375,606.8869778398549,600.7714135107487,601.5595305738112,68125200
2026-03-02,606.6575317382812,608.4831769130049,596.5812880631398,597.449233707877,75264600
2026-03-03,600.1629028320312,602.5373012472795,590.4757543096065,594.925270014521,97015500
2026-03-04,609.311279296875,611.4362666076488,602.0085154373871,602.7367763187228,70943900
2026-03-05,607.4755249023438,611.316491745462,600.8412272682934,605.9691332548557,89602400
2026-03-06,598.337158203125,604.5724349663923,596.9205203720956,598.8958365654587,86302300
2026-03-09,606.3283081054688,607.8347607375977,589.9370196014203,592.83015152989,93068200
2026-03-10,606.3383178710938,611.8452732023572,603.9938171455258,606.3483040570791,64078900
2026-03-11,606.2584838867188,610.9873082570145,603.6047767674571,607.5155254821397,60114800
2026-03-12,595.8530883789062,602.7168865412752,595.6435611395323,601.3401324342583,71836600
2026-03-13,592.3213500976562,602.1780807449821,591.1740956767717,598.3172021392496,63145500
2026-03-16,598.9656982421875,602.4374809704295,597.6986704778886,598.6264723831473,49077200
2026-03-17,601.8887939453125,604.4727195335382,600.4521836848432,601.7192114600242,47106600
2026-03-18,593.4986572265625,601.7391485345295,593.1594313501803,600.0730994941966,56128000
2026-03-19,591.623046875,594.3964663870662,585.6970372512312,588.1213056121308,75597600
2026-03-20,580.6888427734375,589.777367794347,577.177115328303,589.6676415345306,91964700
2026-03-23,587.3545532226562,594.426798587646,585.316814476339,589.8718065319924,89936100
2026-03-24,583.3389282226562,587.2846043834495,581.291190762444,584.168034177979,57750900
2026-03-25,587.1747436523438,590.7208345412774,585.0470769253521,588.4933019738706,60475500
2026-03-26,573.1600952148438,583.9882223389391,572.8005050402526,581.9604215239336,81492100
2026-03-27,561.9624633789062,570.3932010852176,560.953562318283,570.1834096572744,82702200
2026-03-30,557.6671752929688,567.4264087803426,554.990063621082,566.7571613464482,70602600
2026-03-31,576.54638671875,578.0048059355398,563.5906539497258,563.6705222317372,95878000
2026-04-01,583.6685791015625,587.0948065489223,579.7828346644924,580.8416686249938,79435100
2026-04-02,584.3378295898438,585.4066623334502,571.2921684003409,573.3399058573888,50941700
2026-04-06,587.85400390625,589.9616731281693,584.04818857967,585.5864761740653,35108500
2026-04-07,587.9439086914062,588.33343423744,577.7650922119919,584.9971348275072,49948200
2026-04-08,605.4246826171875,609.2304976949432,601.4590090396181,608.0418015962135,63086000
2026-04-09,609.5202026367188,609.8298599139192,602.3680889271087,605.2648690435934,37837500
2026-04-10,610.3992309570312,612.9963525292593,608.9108762966896,611.1684052317679,34038500
2026-04-13,616.7122802734375,626.0519920071752,607.4424380458482,608.8109292631304,32972100
2026-04-14,627.909912109375,627.909912109375,619.4192432257902,619.5391066149297,49921100
2026-04-15,636.7003173828125,637.1298380333551,627.5104045058445,628.389443361703,50102400
2026-04-16,639.7669067382812,641.4750515662109,634.5626649382287,638.508341093032,42320600
2026-04-17,648.1376953125,649.2864572780229,643.3629742993419,644.8813252169399,53488900
2026-04-20,646.0799560546875,648.0478251654257,641.8146849601577,647.3285838511964,37138500
2026-04-21,643.6226806640625,649.4862317832127,641.5050128476822,647.6981578004061,39580500
2026-04-22,654.390869140625,654.6106593494021,647.8081371457112,649.4363527672372,37368400
2026-04-23,650.7048950195312,656.1988574654163,644.8114082493845,652.8325617169355,40099800
2026-04-24,663.1512451171875,663.7805584259092,655.8093378063087,657.7871447947734,45563100
2026-04-27,663.5008544921875,663.7006471456002,659.9647623025988,662.6718094811696,32717000
2026-04-28,656.8281860351562,658.9159186391063,653.0923012400261,656.6883250827437,34147900
2026-04-29,660.84375,660.9935487523345,655.8692364466933,657.906975030037,31724900
2026-04-30,667.0069580078125,668.165718724101,656.8381407338443,664.6195670718752,40622200
2026-05-01,673.4099731445312,675.2279215792395,668.0658095505829,668.425399726581,39172600
2026-05-04,672.141357421875,675.9871067346722,668.165745937857,673.9193717407993,34542000
2026-05-05,680.8617553710938,682.0205161358222,676.7662804889583,677.2157986999623,37101100
2026-05-06,695.0062255859375,695.1660231170968,685.7263848294704,687.0250065058129,38778500
2026-05-07,694.1771240234375,700.4701959320079,691.0106209986512,695.8153383268437,43779100
2026-05-08,710.44921875,710.44921875,698.7321150158692,699.1516368844667,44320400
2026-05-11,712.5069580078125,713.805579696499,708.1317613118729,709.5801817559162,36019100
2026-05-12,706.463623046875,709.4003981235137,695.8752835015275,707.4425277497028,45873000
2026-05-13,713.9254760742188,715.8633489513101,704.0563165931343,709.1806902070881,40012500
2026-05-14,718.9998168945312,721.2374091114184,713.4359241362712,713.8355094170396,33327500
2026-05-15,708.1517944335938,714.3450008365951,704.7754998097428,709.3604881552494,51792700
2026-05-18,705.1051025390625,711.2883097073819,698.0827906816122,710.7588622671137,49834500
2026-05-19,700.7599487304688,705.714465040699,694.4868131207006,699.0418050981273,46827500
2026-05-20,712.3671875,712.3671875,703.0174157954351,704.5157692199168,36779200
2026-05-21,713.7256469726562,716.3327671783537,705.9941534147096,708.2116871156971,36415400
2026-05-22,716.7523193359375,721.3273088449104,715.1640988544713,717.2817668085307,33118600
2026-05-26,729.4783935546875,730.3673702569255,723.3650554496121,725.1631283460116,34254700
2026-05-27,728.6492919921875,732.515039000156,724.6436840304248,732.155448805963,35148700
2026-05-28,734.79248046875,735.7913827320126,725.6125662306399,728.9289290608506,32840000
2026-05-29,737.49951171875,740.815874477768,734.4428732975097,737.0300569298091,37541700
2026-06-01,741.9246826171875,744.8315224447946,735.1820921097265,736.2309273283665,33890600
2026-06-02,745.3408813476562,745.6206032443648,738.4184960219842,741.5850600741305,30085200
2026-06-03,743.39306640625,747.828194840854,740.1965670083828,746.4896389980919,40270200
2026-06-04,739.7969970703125,742.6838392688934,731.815777671541,734.6726235372454,40782600
2026-06-05,704.2860107421875,730.8867822650427,703.5468328396532,729.2585667367451,99606600
2026-06-08,715.283935546875,722.2363170978037,712.2872288217055,717.0220156925686,47401500
2026-06-09,707.052978515625,724.863361278284,685.6165148330579,722.1863106332692,91932200
2026-06-10,692.9285278320312,710.4992458337158,692.1693523412803,700.8897497708573,65334300
2026-06-11,716.332763671875,717.5813914617661,694.2370511794155,698.5223198057862,71798900
2026-06-12,720.5481567382812,723.2152086039907,710.4992028084189,716.8222099862159,51168400
2026-06-15,743.1832885742188,743.9424640540115,736.5705604269921,737.2897407963812,46710200
2026-06-16,729.0587768554688,743.4029984406948,728.8390476265988,741.4351902855873,45348700
2026-06-17,721.7168579101562,734.8723831709506,720.058646070882,734.38293083454,51669300
2026-06-18,739.8070068359375,741.005701773832,731.7059239216511,736.390778085872,50154600
2026-06-22,737.9500122070312,745.4500122070312,734.3900146484375,742.02001953125,43518600
2026-06-23,713.6500244140625,723.6099853515625,712.1099853515625,715.739990234375,53354200
2026-06-24,710.6199951171875,719.9299926757812,704.4500122070312,715.3699951171875,52480400
2026-06-25,716.3800048828125,726.8300170898438,705.2999877929688,725.9000244140625,49668000
2026-06-26,706.52001953125,715.5599975585938,702.8099975585938,707.1300048828125,47081800
2026-06-29,724.0800170898438,724.5800170898438,705.1699829101562,713.989990234375,44939100
2026-06-30,736.4000244140625,737.6199951171875,723.9099731445312,724.1799926757812,42121800
2026-07-01,725.1699829101562,731.9199829101562,724.5999755859375,729.1900024414062,40803800
2026-07-02,712.5999755859375,730.8300170898438,707.5599975585938,725.5800170898438,50959800
2026-07-06,722.8200073242188,726.0800170898438,718.4500122070312,719.9299926757812,30220400
2026-07-07,709.4299926757812,716.3499755859375,704.9000244140625,714.1699829101562,42483100
2026-07-08,711.4400024414062,712.260009765625,700.9099731445312,704.9500122070312,35603200
2026-07-09,723.280029296875,724.22998046875,715.1300048828125,718.3300170898438,33654700
2026-07-10,725.510009765625,726.3900146484375,717.0,720.7000122070312,26415900
2026-07-13,711.739990234375,718.739990234375,710.0800170898438,717.719970703125,36552400
2026-07-14,719.6900024414062,722.2899780273438,714.3400268554688,720.219970703125,29448100
2026-07-15,717.739990234375,724.3599853515625,710.22998046875,723.8499755859375,32627600
2026-07-16,705.9400024414062,713.5999755859375,702.6099853515625,712.010009765625,39402000
2026-07-17,695.3300170898438,702.2999877929688,686.760009765625,691.6500244140625,54109300
2026-07-20,696.0599975585938,705.7999877929688,695.510009765625,702.1599731445312,29687600
2026-07-21,708.969970703125,710.0499877929688,702.7999877929688,706.5700073242188,33728300
2026-07-22,705.3499755859375,709.6500244140625,703.6199951171875,703.6199951171875,23692200
2026-07-23,691.9600219726562,698.6599731445312,687.7899780273438,694.6699829101562,44028600
2026-07-24,684.22998046875,692.6300048828125,682.47998046875,690.4099731445312,42876700
2026-07-27,682.1199951171875,692.2999877929688,675.9500122070312,691.6799926757812,42681500
2026-07-28,675.489990234375,679.4000244140625,667.8800048828125,676.22998046875,51398700
2026-07-29,661.72998046875,680.0499877929688,661.1400146484375,675.510009765625,57233300
2026-07-30,683.5499877929688,685.1199951171875,673.2999877929688,674.760009765625,66753700
2026-07-31,687.989990234375,695.77001953125,680.0499877929688,692.1099853515625,50540500
2026-08-03,700.0700073242188,701.5900268554688,685.8200073242188,688.2999877929688,44814900
