Date,Close,High,Low,Open,Volume
2020-01-02,296.12530517578125,296.1435533670269,293.9923531023892,294.9129966046256,59151200
2020-01-03,293.8829345703125,295.00411329960116,292.68884653822107,292.74353546966336,77709700
2020-01-06,295.0041198730469,295.08615327203825,292.0143098616565,292.1328118215423,55653900
2020-01-07,294.1747131347656,294.9130417417363,293.7280496413541,294.43903377463585,40496400
2020-01-08,295.74249267578125,296.95480128822834,294.1199891894408,294.3660894233574,68296000
2020-01-09,297.74774169921875,297.82067881308217,296.71772055042567,297.3011061918994,48473300
2020-01-10,296.89093017578125,298.48608887965315,296.42607426931494,298.3311461832845,53029300
2020-01-13,298.9327697753906,298.94186605271307,297.082386683004,297.510801872737,47086800
2020-01-14,298.47698974609375,299.5434516916106,297.9209485381816,298.4952101168568,62832800
2020-01-15,299.1515808105469,299.9081297404282,298.30387436905687,298.3859077842946,72056600
2020-01-16,301.64007568359375,301.64007568359375,300.30014077039544,300.52802066844026,54050300
2020-01-17,302.5788269042969,302.7884585291991,301.5761501633732,302.3509470912397,95846000
2020-01-21,301.98626708984375,302.788408349648,301.5487557243908,301.62166501284787,77742400
2020-01-22,302.02276611328125,303.4903264792452,301.8678234281699,302.8431278236257,48914900
2020-01-23,302.3691711425781,302.77936593801815,300.2635638696882,301.37561848363805,51963000
2020-01-24,299.6802673339844,303.10758968515563,298.39502145229517,303.0255562651374,87578400
2020-01-27,294.8765563964844,296.3532135264237,294.1108833593813,294.4481411214826,84062500
2020-01-28,297.966552734375,298.8416034600196,294.96764649476006,296.2984568633764,63834000
2020-01-29,297.720458984375,299.5526218615138,297.5199236056963,299.32474201380455,53888900
2020-01-30,298.6866149902344,298.89627442765044,294.9129398382602,295.66036446661803,75491800
2020-01-31,293.2630920410156,298.22175888029057,292.3515728105219,298.06678837146853,113845600
2020-02-03,295.44158935546875,297.30109625380913,294.6212276647578,294.73972960780577,69083000
2020-02-04,299.9446105957031,300.8105652654087,298.72317777873883,299.0422151737549,62573200
2020-02-05,303.4082946777344,303.61795412672234,301.4120930432873,302.87050163975044,65951100
2020-02-06,304.42926025390625,304.62067153969036,303.35364621707834,304.3654472195234,50359700
2020-02-07,302.8066711425781,304.4382703838826,302.25975409202255,303.3718085617881,64139400
2020-02-10,305.0672912597656,305.1311042908256,301.886097610239,301.92256617332515,42070000
2020-02-11,305.5959777832031,307.2002328793031,305.0672809970112,306.41633961218275,54864500
2020-02-12,307.56488037109375,307.77451202465284,306.66245727222037,307.02705945948134,43992700
2020-02-13,307.2366638183594,308.2028719590965,305.86938499837,306.14282963542433,54501900
2020-02-14,307.7290344238281,307.84753642719005,306.45291249795264,307.64700099474027,64582200
2020-02-18,306.9359130859375,307.79274347896046,305.550385905375,306.7353777212436,57226200
2020-02-19,308.4034423828125,309.07795777585227,307.61954912250815,307.90211788539574,48814700
2020-02-20,307.13641357421875,308.67688328776865,304.1557279094007,307.85649373249373,74163400
2020-02-21,303.9734802246094,306.09730805211063,303.1530905628107,305.78739481387316,113788200
2020-02-24,293.8920593261719,304.0463696689848,292.8164454315438,294.5483543223174,161088400
2020-02-25,284.98651123046875,295.8882745622072,284.1114604678439,295.27757219253857,218913200
2020-02-26,283.9382629394531,289.9633921811157,283.2090586238566,286.38112799579915,194773800
2020-02-27,271.1860656738281,283.99289834255785,271.1860656738281,278.4326260777627,284353500
2020-02-28,270.0466613769531,271.5324419822393,260.2751753707995,263.15557910658106,384975800
2020-03-02,281.74151611328125,281.80532914475464,268.40598340350584,271.8241810091955,238703600
2020-03-03,273.674560546875,286.0712292614889,271.2408194618374,282.1152386233994,300139100
2020-03-04,285.1778564453125,285.39663994831454,276.4910804079347,279.0342265229959,176613400
2020-03-05,275.6981201171875,281.1763600202487,273.4649145191371,277.9951665598652,186366800
2020-03-06,271.1405944824219,272.3438069509594,264.55032601369834,267.2119474918185,228667200
2020-03-09,249.96595764160156,259.04468244351574,249.25497367188592,250.94126219037892,309417300
2020-03-10,262.900390625,262.9915202948296,249.3005113667445,259.4548490211814,276444100
2020-03-11,250.08444213867188,256.9937745724308,246.91237251975267,255.86349945004477,255316300
2020-03-12,226.15707397460938,243.06576125881952,225.76511340861424,233.3489613279396,392220700
2020-03-13,245.49038696289062,247.45927200830852,226.5307825549705,239.81161165387473,329566100
2020-03-16,218.62791442871094,234.16930770515287,216.3582263151674,219.84022288446778,297240000
2020-03-17,230.43202209472656,233.5038507974244,216.0938311165559,223.35862525856558,262070500
2020-03-18,218.76461791992188,226.3940295191016,207.84462130318278,215.3464207649231,327597100
2020-03-19,219.22952270507812,225.49167035009614,211.67303310856974,218.08101328487268,289322000
2020-03-20,209.7820281982422,224.14952799674725,209.50696155565487,222.3707795638826,347158800
2020-03-23,204.4182586669922,210.58885308857097,200.1180920586079,209.22271174158334,326025200
2020-03-24,222.93919372558594,223.81024024329707,214.3663807599711,214.93484144271505,235494500
2020-03-25,226.2766571044922,235.04203577073906,219.82183239457268,224.51625036542322,299430300
2020-03-26,239.4888458251953,240.95583008444927,228.34875572804918,228.77969004896113,257632800
2020-03-27,232.35556030273438,239.13129805518238,230.18256074726233,232.21803399813555,224341200
2020-03-30,239.9014434814453,240.61660815727984,232.45638865585167,234.44601489405457,171369500
2020-03-31,236.32565307617188,241.4418275508448,234.92282878626662,238.90208181788717,194881100
2020-04-01,225.68984985351562,236.24314028710725,223.62687128450554,227.36774076850008,189554600
2020-04-02,230.89772033691406,231.67705936295383,224.25950903784965,224.80964222485147,177660400
2020-04-03,227.56031799316406,232.26391415318625,224.83718484688495,229.9166909570072,135561200
2020-04-06,242.8447265625,244.80686241118147,227.5420172147122,236.4082416014589,188061200
2020-04-07,243.0922393798828,252.16933982804701,242.87219727816253,251.41749200591784,201427200
2020-04-08,251.2525177001953,253.05877164603706,243.2023158663454,245.6870517677705,153774500
2020-04-09,255.07582092285156,257.8264586985217,252.57273047385536,254.5073322785615,189999200
2020-04-13,252.7469024658203,254.44313443997197,248.85016619211552,254.10389364132772,114839100
2020-04-14,260.2012023925781,261.21892505517496,252.60944238232008,257.6247736197147,134143400
2020-04-15,254.67245483398438,260.3387633386726,252.56361522887224,254.49824549327255,121775000
2020-04-16,255.90109252929688,256.75378381045863,252.8387181358221,255.94692531523054,131798300
2020-04-17,262.8142395019531,263.4193550866855,258.9266530783905,261.658962878332,146684800
2020-04-20,258.18402099609375,262.95180422099605,257.9639789331066,259.1192277447229,100109300
2020-04-21,250.34478759765625,254.92918511748837,249.40955259580767,253.7280752057677,126385700
2020-04-22,255.90109252929688,257.6431581089337,253.8931240407909,255.2134328546289,92951600
2020-04-23,255.88275146484375,260.3388009581545,255.5801935025374,257.17555508386147,104709700
2020-04-24,259.4493713378906,260.11870338954105,255.35091919954365,257.39557038512345,85063200
2020-04-27,263.190185546875,264.3087793852271,260.96217561684955,261.420615255831,77896600
2020-04-28,261.9798889160156,267.17857801356905,261.6773031279873,266.83015946053325,105270000
2020-04-29,268.8381042480469,270.36930460637325,266.2708540447239,267.29775412605306,118745600
2020-04-30,266.3351135253906,268.9390474225819,264.60219818898923,267.462857175173,122901700
2020-05-01,259.28436279296875,266.50020001311435,258.11990791498647,261.594889070107,125180000
2020-05-04,259.9995422363281,260.3021001779905,255.92859477193736,257.4047574252565,80873200
2020-05-05,262.40167236328125,265.2073206037957,260.12780177122573,262.8142792143297,79569900
2020-05-06,260.6229553222656,264.4830095523587,260.192020908388,264.09793589455825,73632600
2020-05-07,263.767822265625,265.6932743331002,263.2635498583758,263.8320105300923,75250400
2020-05-08,268.1322021484375,268.5998195757135,265.7666377314456,266.8944094168429,76452400
2020-05-11,268.1871643066406,269.5624830979567,265.7849452947577,266.20670188943353,79514200
2020-05-12,262.8419189453125,269.78267708892804,262.70436460396604,269.37009800773325,95870800
2020-05-13,258.19317626953125,263.31852740068314,255.77260186362162,262.28244947607476,144721100
2020-05-14,261.28314208984375,261.4114906647709,250.29891603317049,255.76353778728304,121977900
2020-05-15,262.4842529296875,262.53008571070245,257.954866120157,258.89925085277906,111146300
2020-05-18,270.47943115234375,272.0839701507051,268.3706196611589,268.6915050760796,119703800
2020-05-19,267.7012634277344,271.58882289589167,267.6829359139752,269.88344074536735,95189300
2020-05-20,272.2489013671875,273.11076994991015,271.00195923614234,271.2311790085488,85861700
2020-05-21,270.369384765625,272.92748596370774,269.278296110494,272.1206276660374,78293900
2020-05-22,270.8828430175781,271.0570523361643,268.8473696991475,270.08516244349306,63958200
2020-05-26,274.22021484375,277.07172366444183,270.90111666487996,276.833326122004,88951400
2020-05-27,278.30035400390625,278.3370370080894,272.1939349208289,277.0075509205538,104817400
2020-05-28,277.78692626953125,281.3352447299404,277.1175942986496,279.3272767982314,90405200
2020-05-29,279.0247497558594,279.61153803025144,274.577879005406,277.3193394971249,119090800
2020-06-01,280.1524658203125,280.7576095309241,277.86944526100126,278.38289544316814,55758300
2020-06-02,282.47216796875,282.51802872321025,279.739885508997,281.06934373149255,74267200
2020-06-03,286.2313537597656,287.1849160018017,284.17755322085765,284.4526057998422,92567600
2020-06-04,285.4794921875,286.98318749531984,283.3890087460685,285.2502723891811,75794400
2020-06-05,292.7962646484375,294.565835177491,290.7974742690629,290.8616625425781,150524700
2020-06-08,296.33538818359375,296.52792499363557,293.0621225082108,293.60307791418927,73641200
2020-06-09,294.125732421875,296.40875303318035,292.814573695221,293.67644251654445,77479200
2020-06-10,292.4845275878906,295.5927621739855,291.7693627776029,294.70338803982554,95000800
2020-06-11,275.623046875,286.2038408309795,275.0729417317749,285.57119193533765,209243600
2020-06-12,278.9239501953125,283.38914960911416,273.780268795135,282.6189740616465,194678900
2020-06-15,281.52783203125,282.65560386034076,272.07480686820895,273.24841147874247,135782700
2020-06-16,286.9465637207031,289.4038217313861,282.0962919334156,289.25711767246935,137627500
2020-06-17,285.7545471191406,288.2576371655434,285.02102704171295,287.9642291345723,83398900
2020-06-18,285.8645935058594,286.34136061280276,283.78328781211144,284.2417274083413,80828700
2020-06-19,284.2309875488281,289.5170263493881,282.2878438676283,289.32364222607004,135549600
2020-06-22,286.05438232421875,286.45036871018254,282.4904486423991,283.6323733290194,74649400
2020-06-23,287.3712158203125,289.6274664668477,286.96601139314646,288.69733429029844,68471200
2020-06-24,280.04083251953125,285.953114826548,278.20822201391996,285.336089865643,132813500
2020-06-25,283.0428771972656,283.30995008269394,277.4529233871567,279.4697269654065,89468000
2020-06-26,276.3202209472656,282.1588401533544,275.74006876304765,281.94701982624827,127961000
2020-06-29,280.3815612792969,280.5196928041572,275.28890629956817,277.5727838921979,79773300
2020-06-30,283.9731140136719,285.66762102118946,279.7921834155964,279.94872310498295,113394800
2020-07-01,285.9622802734375,287.22395639224413,284.62697148514405,285.08742860608777,72396500
2020-07-02,287.5370788574219,290.7326525675876,286.87401944452057,289.38809746937955,69344200
2020-07-06,291.9757995605469,292.5559799310515,290.6036465664798,291.3495847273951,61713800
2020-07-07,288.9644470214844,292.408657022588,288.5868688394488,290.43791531370204,82910000
2020-07-08,291.1746520996094,291.28515730964824,287.9698885921955,289.7288100254336,54638600
2020-07-09,289.5169372558594,292.0218243686505,286.10954433852584,291.7823777440841,83354200
2020-07-10,292.47314453125,292.74021752489676,288.02514120267125,289.4525470058198,57550400
2020-07-13,289.9406433105469,297.1882340667077,289.2868020526864,294.81228763297554,102997500
2020-07-14,293.69793701171875,294.47150148289853,287.3251990766644,288.5223761645233,93657000
2020-07-15,296.396240234375,297.4921303782736,294.0202658653574,296.91194993690715,87196500
2020-07-16,295.4200134277344,295.87125229977755,293.8544483675677,294.4990994168282,54622500
2020-07-17,296.27655029296875,297.059333070297,294.45312985797676,296.42389995374253,62774900
2020-07-20,298.6708984375,299.4168366870497,295.26350467471246,296.0094429242622,56308800
2020-07-21,299.30621337890625,301.0743521971706,298.32082883419463,300.6323315446344,57292200
2020-07-22,301.00994873046875,301.323084234717,298.8366050924752,298.94711028029644,57792900
2020-07-23,297.41845703125,301.35077884843804,296.0555219337203,300.6508750281461,75738000
2020-07-24,295.5029296875,296.5251308789289,294.00183516323403,295.5674004213925,73766600
2020-07-27,297.65789794921875,297.8328739008944,295.40164684860423,296.193647698937,48293000
2020-07-28,295.7699890136719,298.0446479275418,295.4752897615271,296.9303216498821,57495000
2020-07-29,299.40765380859375,299.96942614775605,296.60806645726814,296.6449108985429,48454200
2020-07-30,298.33935546875,298.7537780991364,294.36102749576685,296.44227447076116,61861700
2020-07-31,300.6968994140625,300.79821459184643,295.9173523890963,300.1259370973195,84986800
2020-08-03,302.7873229980469,303.5516692549566,301.811156402926,302.3544922923563,53077900
2020-08-04,303.9570007324219,303.9570007324219,301.9309778366748,301.9309778366748,41917900
2020-08-05,305.84478759765625,306.10267054186585,304.98834417548517,305.2554171505095,42697700
2020-08-06,307.88916015625,308.008883470918,304.94225226748324,305.26457778295924,43679400
2020-08-07,308.11029052734375,308.39577169944573,306.01979717179796,306.9223032635199,57308300
2020-08-10,309.0311279296875,309.21529387333,306.62752769620295,308.5614527808773,44282100
2020-08-11,306.480224609375,310.84537688701096,305.7527226498275,310.2099438612299,69601100
2020-08-12,310.7532043457031,311.5267686882517,308.8837501585283,308.91137645275995,53774400
2020-08-13,310.19146728515625,311.49917760274417,309.2705532345938,309.98886506986986,41816100
2020-08-14,310.20068359375,310.73482947821054,309.0771673345119,309.80469729931406,47260400
2020-08-17,311.1861267089844,311.58211307766084,310.2099598864431,311.2137530113555,35481000
2020-08-18,311.8583679199219,312.281980541681,309.98888529540005,311.58207682428633,38733900
2020-08-19,310.5599060058594,312.7516581960092,309.99813372934017,312.2359484919656,68054200
2020-08-20,311.5268249511719,312.0056901723592,308.70883001435334,308.83774337602864,42207800
2020-08-21,312.63201904296875,312.85302949747313,310.85463295774207,311.19539488053783,55106600
2020-08-24,315.79986572265625,315.87352648257695,312.6042927708127,315.06311760311377,48588700
2020-08-25,316.9049987792969,316.9878776871024,315.2013018413242,316.3616627587458,38463400
2020-08-26,320.0821533203125,320.3491982017806,316.95105067989545,317.49438668215004,50790200
2020-08-27,320.781982421875,322.22782424225835,319.12434835411756,320.9477683119042,58034100
2020-08-28,322.8540344238281,322.9829758804368,320.61622003326073,321.80420702373715,48588900
2020-08-31,321.68450927734375,323.51711938437126,321.4542807471516,322.64226783208227,66099200
2020-09-01,324.7143859863281,324.8156730688066,321.62009934150035,322.51338733167165,54908700
2020-09-02,329.41094970703125,330.3778981673585,325.47862893248646,326.62058140555735,69540000
2020-09-03,318.0745849609375,328.19542353260755,315.49600820932886,327.7257482737778,148011100
2020-09-04,315.4775390625,320.3215279500711,308.386489496312,318.7559908966991,139156300
2020-09-08,306.8577880859375,315.54202965407626,306.55389879011744,310.0809875272591,114465300
2020-09-09,312.9173889160156,315.3762136597868,309.9888609153848,310.8545223596372,91462300
2020-09-10,307.48406982421875,315.44075426286713,306.5263111431715,314.7869130200324,90569500
2020-09-11,307.6405944824219,310.32045816888535,304.8225992871863,309.26141246287096,84680200
2020-09-14,311.692626953125,313.4607946662511,307.78795955439836,310.79933901286097,65605700
2020-09-15,313.26739501953125,314.97106380213984,311.70182964170226,314.14224664496544,52920900
2020-09-16,312.0241394042969,315.92880641145365,311.74784829653964,314.5014007189514,82096000
2020-09-17,309.2797546386719,310.99266929417666,306.65514411572747,307.18007184112935,91523300
2020-09-18,305.71917724609375,310.19424068358853,303.2412544546544,310.0832931282361,105877900
2020-09-21,302.316650390625,302.4645898682485,297.4717524188794,301.142417821237,99450800
2020-09-22,305.3955383300781,305.95030428150574,301.29030979270976,303.79599750028683,63612100
2020-09-23,298.3131103515625,306.2276881483939,297.8138181951708,305.95029107636867,93112200
2020-09-24,299.1082763671875,302.1594468796686,295.6872430633771,297.0001882528296,76681300
2020-09-25,303.9439392089844,304.7298270780176,297.38852490576954,298.25762343564503,71069400
2020-09-28,308.9922790527344,309.70421136202526,307.106085914168,308.0954153354496,64584600
2020-09-29,307.3094482421875,309.5284836874694,306.6159979020015,308.788814611231,51304000
2020-09-30,309.63946533203125,312.78310129067506,307.78100935569034,307.97516755399596,104081100
2020-10-01,311.62738037109375,313.1991843917802,309.7504423645945,312.22836509125534,88698700
2020-10-02,308.6686706542969,311.5996670640401,306.2184846303253,306.6900399805022,89431100
2020-10-05,314.142333984375,314.3272371892056,310.6750814573515,310.7213002044158,45713100
2020-10-06,309.6764221191406,316.3705485681372,309.16790315798374,314.28094252067115,90128900
2020-10-07,315.06683349609375,315.87123130943417,312.59813807421335,312.6258749568608,56999600
2020-10-08,317.8592834472656,317.92401227963296,316.08403737560405,316.99941141694194,45242500
2020-10-09,320.6977233886719,321.1600236881462,318.8855141153723,319.50498071538817,59528600
2020-10-12,325.85699462890625,327.32710625079835,322.7410950073578,323.23113221465513,80388500
2020-10-13,323.73040771484375,325.89396970025575,322.76881520469266,325.71829333157706,73255500
2020-10-14,321.6962585449219,325.39466069842285,320.96584443553525,324.30363883511666,57727900
2020-10-15,321.29876708984375,321.7795493315503,317.25826624569703,317.79452227619373,60357700
2020-10-16,321.1044616699219,324.30357096252817,320.9287853470718,322.64852844457636,89501900
2020-10-19,316.22259521484375,322.9906487706289,315.32573168859045,322.3619272638812,68425600
2020-10-20,317.4893798828125,320.72548220032826,316.8051844221268,317.5633355204922,60051900
2020-10-21,316.8882751464844,319.60660232157625,316.58314124219487,317.4430127605339,63575000
2020-10-22,318.6266174316406,319.2091203575822,314.9652067470299,317.1010319977672,55399300
2020-10-23,319.7084045410156,319.9025627725712,317.25821851614603,319.8470889921267,49143900
2020-10-26,313.8001708984375,317.1194832403807,310.31440902526583,316.333567187947,91473000
2020-10-27,312.7183837890625,314.4751191044585,312.5057155150436,314.1422764667609,65994100
2020-10-28,302.0299987792969,312.7461150486337,301.5399616493468,307.059827691063,127094300
2020-10-29,305.0997314453125,308.26184985459844,300.5784207406355,302.2612006889962,90597700
2020-10-30,301.9190979003906,304.8315842442729,298.27616915749184,303.52789396877716,120287300
2020-11-02,305.3031311035156,307.3002435800331,302.566292996373,305.3031311035156,86068300
2020-11-03,310.69354248046875,312.7461569674992,305.3863439975958,308.5299804346644,93294200
2020-11-04,317.6372375488281,321.70547377095147,313.9850545875487,315.15928696801785,126959700
2020-11-05,323.8321228027344,325.63510535784354,322.5561693903892,322.90752215223176,82039700
2020-11-06,323.7580871582031,325.00630337123437,321.43733106964845,323.5454189031764,74973000
2020-11-09,327.8263854980469,336.90597013486416,327.3640851994297,336.52688050400957,172304200
2020-11-10,327.3455810546875,328.39961099114294,324.0817422973662,326.83703383089585,85552000
2020-11-11,329.7773132324219,330.6001931058199,328.28869157206935,329.5276530081711,58649000
2020-11-12,326.578125,329.82348168786507,324.7751710085161,328.76942360523407,67546200
2020-11-13,331.09942626953125,331.83909534174575,327.9650172049905,328.48279119885393,62892200
2020-11-16,335.2325134277344,335.4266716919651,332.47719293015194,333.7624015654056,74541100
2020-11-17,333.4294128417969,334.6314103678308,331.32132492500256,332.82842818706325,66111000
2020-11-18,329.4166259765625,334.2430411433111,329.3796340603069,333.6975302989405,70591300
2020-11-19,330.8035888671875,331.173423449706,327.44728430310664,328.7879664083773,59940900
2020-11-20,328.53826904296875,330.74807768636424,328.46431342145667,330.54466445649757,70417300
2020-11-23,330.5077209472656,331.7651924296882,328.1130087910506,330.34129961206247,63230600
2020-11-24,335.83343505859375,336.3789460330993,332.19976142931375,333.05037819016013,62415900
2020-11-25,335.3156433105469,335.77794359169803,334.2246214190069,335.75020670349176,45330900
2020-11-27,336.24957275390625,336.7210999569683,335.24173308907643,336.4067390827349,28514100
2020-11-30,334.7608947753906,335.74096916518056,332.08881368370197,335.47282708749947,83872700
2020-12-01,338.4222412109375,339.9570813197066,337.4144301223281,338.00618794494244,74231400
2020-12-02,339.13427734375,339.2914436515928,336.7395650672134,337.31281295054083,45927000
2020-12-03,339.0417785644531,340.4286793920205,337.94150165059074,339.03252352963375,62882000
2020-12-04,341.9635925292969,341.9635925292969,339.53188804571107,339.6243537638906,50749900
2020-12-07,341.2607421875,341.7507792477723,339.99404421377153,341.19601339057107,48944300
2020-12-08,342.2594299316406,342.82342277579136,339.94792834104476,339.9941470862278,42458900
2020-12-09,339.18975830078125,343.0730641489794,338.3576233487797,342.91589783781166,74098300
2020-12-10,339.078857421875,340.1236326112553,336.95225867776867,337.82138567653425,57735400
2020-12-11,338.68115234375,339.0879788216525,335.8703871356922,337.38671728522763,57698600
2020-12-14,337.1648254394531,341.91725738932104,336.9891490851876,340.8447456280566,69216200
2020-12-15,341.7230529785156,341.7230529785156,338.3297853661233,339.69817587761173,63865300
2020-12-16,342.2594299316406,343.17477553221346,341.05743217458746,341.9358140656428,58420500
2020-12-17,344.1733093261719,344.3767225815223,343.07303238358134,343.8959404400441,64119500
2020-12-18,342.7991027832031,344.6283315180656,340.79344881476123,344.4612007715748,136542300
2020-12-21,341.5733947753906,351.415944151772,336.1600082036477,338.8899235370573,96386700
2020-12-22,340.9976501464844,342.0097572148125,339.87412260631737,341.8983367429737,47949000
2020-12-23,341.3040771484375,343.2075762857532,340.9790818882792,341.96333381663726,46201400
2020-12-24,342.6319274902344,342.659782611028,341.19269902115246,341.7776565578183,26457900
2020-12-28,345.5754089355469,345.96538061700096,344.5540073036612,345.17611443159626,39000400
2020-12-29,344.91607666015625,347.27458040793783,344.3310908811892,347.09815522580993,53680500
2020-12-30,345.40826416015625,346.4389603203097,345.0182924625775,345.733259466037,49455300
2020-12-31,347.1631774902344,347.8874388872676,344.70254763729105,345.2132342407314,78520700
2021-01-04,342.4369201660156,348.62101162593734,338.75060828235917,348.49100217915696,110210800
2021-01-05,344.7955017089844,345.8819083591605,341.7498849648262,341.79632906873184,66426200
2021-01-06,346.85675048828125,350.0416701451585,342.743317442046,343.29115366008426,107997700
2021-01-07,352.0102233886719,352.75304553896814,349.0481726001441,349.22459781978796,68766800
2021-01-08,354.015869140625,354.22941562712896,350.1531317059406,353.3937336428552,71677200
2021-01-11,351.6295166015625,353.3844459686813,350.72882987062206,350.84954484541544,51034700
2021-01-12,351.7037353515625,352.71584242095815,349.4659464169587,351.8151841603632,52547700
2021-01-13,352.65093994140625,353.6444582491231,350.8495663690164,351.62953817301246,45303600
2021-01-14,351.4158935546875,353.8951124303812,351.0816321351394,353.3936919642144,49989100
2021-01-15,348.8531799316406,350.59881478443,346.9960962553196,349.800282405299,107160000
2021-01-19,351.5923156738281,352.13088573862603,349.82809207789774,351.3044700083426,51233300
2021-01-20,356.45794677734375,357.2936287805517,353.4866015027723,353.87657321374,61836100
2021-01-21,356.78289794921875,357.44218304043847,355.86365062010475,357.0150334029827,47840100
2021-01-22,355.5200500488281,356.6807271719311,354.5543587480902,354.9350642448892,52860500
2021-01-25,356.92218017578125,357.2750022410849,351.415906011499,356.25362897614195,70402000
2021-01-26,356.36505126953125,358.2778450349725,356.1329158287073,357.86928439217473,42665300
2021-01-27,347.65533447265625,353.14301984374345,345.4268398473695,353.05015999751345,123351100
2021-01-28,350.6452331542969,354.6379514307327,349.0295795422171,349.465966970764,94198100
2021-01-29,343.62554931640625,349.7539322653796,341.9541566920389,348.78824063820207,126765100
2021-02-01,349.34527587890625,350.375943628793,343.9133009262217,347.01462699809997,75817600
2021-02-02,354.28509521484375,355.8357724135965,349.42883997274356,352.52087154806475,64450700
2021-02-03,354.5637512207031,356.2815595050007,353.2916532761181,355.11158757378746,52427100
2021-02-04,358.59356689453125,358.63998265068375,354.6751192898168,355.59436662167684,47142600
2021-02-05,360.0049743652344,360.710675281438,358.54718510912704,360.4599791681368,48669800
2021-02-08,362.6048889160156,362.6513046740329,360.59923510850524,361.4534777465929,38365200
2021-02-09,362.36346435546875,362.95774475328056,361.3606516052226,361.76918395765694,35551100
2021-02-10,362.2055969238281,364.24840035419544,359.8099713889872,364.09983025590975,59154400
2021-02-11,362.79046630859375,363.70044724200534,360.36698642975676,363.2825922037315,42913300
2021-02-12,364.5827331542969,364.8241347977366,361.9177938941386,361.99209312046787,50593300
2021-02-16,364.2669982910156,366.0033955530589,363.552031185599,365.808381339612,50972400
2021-02-17,364.35052490234375,364.6012209832248,361.5091609681263,362.52129645099154,52290600
2021-02-18,362.7998046875,363.542626693373,360.0327402924635,361.7505480599932,59712800
2021-02-19,362.1591796875,364.34125872083973,361.71346939446187,364.05341301185115,83241000
2021-02-22,359.3735656738281,361.77848576262124,359.1042805920692,359.401420796986,67414200
2021-02-23,359.8099365234375,361.15633342710237,353.0315929249602,357.1728812923066,107284100
2021-02-24,363.7748718261719,364.2020215283774,357.7393491134109,358.72360131962074,72433900
2021-02-25,355.0093688964844,363.8769599629682,353.5701404616122,362.51200240283123,146670500
2021-02-26,353.1800842285156,358.027072717846,351.20231434028005,356.88498463738966,152701600
2021-03-01,361.7413635253906,362.9856346855263,353.3752197529631,358.0364901808045,105348800
2021-03-02,358.9185791015625,362.19633073939394,358.41715856200267,361.964195274004,79595300
2021-03-03,354.1644287109375,359.18781495345684,354.06227437694446,358.22215187611573,119940200
2021-03-04,349.7816467285156,356.5599893581393,345.30606922791776,353.9786447353223,183433000
2021-03-05,356.2164611816406,357.26571784913307,346.01179684391315,353.27297148908974,152039600
2021-03-08,354.4429626464844,359.9770636155982,354.1644114525265,357.1728776946545,123149200
2021-03-09,359.5036315917969,362.0478276958883,357.7765286742585,358.27794930668625,113633600
2021-03-10,361.7413635253906,363.43131668977617,360.43214430105473,361.8435178759324,109899400
2021-03-11,365.4090881347656,367.37759240388004,363.7469902205475,364.2019950148293,86245000
2021-03-12,365.9011535644531,366.04042915723414,363.2455378059453,364.0533645809201,64653600
2021-03-15,368.08331298828125,368.3433035974085,364.01629476654966,366.15192988889174,73427200
2021-03-16,367.6189880371094,369.40177242737843,366.84828247321997,368.6960999272851,73722500
2021-03-17,368.8724670410156,369.6709992628649,365.1954216836132,366.33753812086064,97959300
2021-03-18,363.5056457519531,368.37119694339555,362.8277998657158,366.291271854569,115349100
2021-03-19,362.83294677734375,364.77995178052817,360.66234252833834,363.205574280837,113624500
2021-03-22,365.7301940917969,367.1089472702704,363.2894509967949,363.34534370663016,73778600
2021-03-23,362.8515930175781,366.54065388487237,362.06906667782835,365.09671154896347,90686600
2021-03-24,361.00701904296875,365.87920816679144,360.9604512667513,364.2489379839986,97588600
2021-03-25,363.0379333496094,363.8297562145069,357.6347344917859,359.57244319585334,116128600
2021-03-26,368.88824462890625,369.28881849367565,363.5875351124933,364.18373344592686,114409100
2021-03-29,368.7018737792969,369.60551031662703,365.935071468474,367.4162848468423,108107600
2021-03-30,367.72381591796875,368.3945569028789,366.1307883102693,367.4350274245717,76262200
2021-03-31,369.2142639160156,370.77001997622074,368.26405952663214,368.2920058783888,112734200
2021-04-01,373.201416015625,373.2573371455199,370.93767636691575,371.1426257443496,99682900
2021-04-05,378.5580749511719,379.09840904135075,375.7819756542243,375.8564897892532,91684800
2021-04-06,378.3344421386719,379.3778104361055,377.66370131465686,377.9990859414913,62021000
2021-04-07,378.7723388671875,379.1170200378233,377.7103490017058,378.16681558663885,55836300
2021-04-08,380.57025146484375,380.62614416673193,379.08903800549706,380.02062094317336,57863100
2021-04-09,383.3370361328125,383.50474266034735,380.3280415787718,380.4491519037927,61104600
2021-04-12,383.47686767578125,383.74700629608895,382.1353857837753,382.74090909191403,56704900
2021-04-13,384.6133728027344,385.2375459689583,382.992427357714,383.3743798281407,56551000
2021-04-14,383.2998352050781,385.63808919365846,382.7595011466084,384.58539585907903,61659900
2021-04-15,387.4173583984375,387.68752538741427,385.38651459221114,385.4330823632249,60229800
2021-04-16,388.71234130859375,389.3178645876654,387.28702042046496,388.70301638087244,82037300
2021-04-19,386.80255126953125,388.2278720552796,385.4797193923822,387.78073043129933,78498500
2021-04-20,383.9706115722656,386.6908182521964,382.4986943815011,385.59155703811007,81851800
2021-04-21,387.603759765625,387.808709170284,383.2159832062883,383.35574340510965,66793000
2021-04-22,384.0636901855469,388.2651383615414,383.0017004125384,387.43604432459205,97582800
2021-04-23,388.2278747558594,389.6345741269456,384.54813911119874,384.6226532391619,73209200
2021-04-26,389.0383605957031,389.60664100563645,388.2931055721406,388.8800074072831,52182400
2021-04-27,388.9544372558594,389.53204246806536,387.8179051119229,389.336389612309,51303100
2021-04-28,388.84271240234375,390.342575715046,388.3769209336228,389.2246648182536,51238900
2021-04-29,391.32073974609375,391.9355879172904,387.9484139465216,391.56296041556226,78544300
2021-04-30,388.74951171875,389.90469378427656,387.85520014354586,389.0569499796858,85527000
2021-05-03,389.5880432128906,391.1158246327663,389.0943053331574,390.73387217038277,68128300
2021-05-04,387.1845397949219,388.09750141176715,383.5048038327527,387.60376353614816,101591200
2021-05-05,387.30560302734375,389.0569834839452,386.7466475835862,388.8240877515174,60162200
2021-05-06,390.3984680175781,390.528874845266,385.3772223436678,387.3801199711882,74321400
2021-05-07,393.2398681640625,393.8919877300399,390.4823900464042,391.1624559692286,67733800
2021-05-10,389.3457946777344,393.81738162988034,389.2246843410474,393.59381081117,81852400
2021-05-11,385.8709716796875,386.8584473474661,382.0049080638009,384.8369282355566,116888000
2021-05-12,377.6730651855469,384.3618242624742,376.3595297518344,383.09488503627756,134811000
2021-05-13,382.2098083496094,384.13819166106964,379.1728391786905,379.2194353787123,106394000
2021-05-14,388.0788879394531,388.9266319996469,384.9115109821357,384.93945733886034,82201600
2021-05-17,387.09130859375,387.9018095813703,385.0790861586322,386.9702267000928,65129200
2021-05-18,383.7563781738281,387.5944963339857,383.5979965238752,387.35227560923283,59810200
2021-05-19,382.7501525878906,382.92715562063444,377.5985000735296,379.07974196431326,106467100
2021-05-20,386.8677673339844,388.12541000565056,383.50476652206805,383.6258484249689,78022200
2021-05-21,386.5510559082031,389.5880256140857,386.0945893314259,388.3490042918943,76578700
2021-05-24,390.4916076660156,391.56292229029447,388.5445744319748,388.78679507785904,51376700
2021-05-25,389.6252746582031,391.9262858634761,389.0476977323679,391.57227976579446,57451400
2021-05-26,390.3984680175781,390.9015023339306,389.1780966451499,390.2121400584183,43088600
2021-05-27,390.6033935546875,391.93555024942225,390.3239016330106,391.4231910374945,56707700
2021-05-28,391.3020324707031,392.4292396557625,391.06913677951275,392.16839761881533,58520200
2021-06-01,390.9574890136719,393.79880607447905,390.5196438229263,393.6590742965092,54216600
2021-06-02,391.572265625,392.4107130596126,390.6034397848831,391.60953690489885,49097100
2021-06-03,390.118896484375,391.25542857219557,387.79926454327256,389.26185627827056,58138800
2021-06-04,393.6869812011719,393.9850945840739,390.18422002621526,391.96354696648706,55938800
2021-06-07,393.3050231933594,393.85465374362394,392.3734402072181,393.6776507018846,51555000
2021-06-08,393.3888854980469,394.2552509032389,391.5629906976117,394.1620869131879,47134300
2021-06-09,392.8019104003906,394.301773600504,392.57833960967673,394.22723105049744,48436300
2021-06-10,394.62786865234375,395.5781015257895,392.7088099094243,394.0223453765083,51020100
2021-06-11,395.27996826171875,395.3917536695252,393.89191873202867,395.1775077811149,45570800
2021-06-14,396.1649475097656,396.2674079810726,394.1527250628629,395.39171779317087,42358500
2021-06-15,395.4383544921875,396.3512876197017,394.56266421460623,396.3140447697688,51508500
2021-06-16,393.2304382324219,395.8016160944157,391.19029786804174,395.5780452993392,80386100
2021-06-17,393.10003662109375,394.07818729216916,390.63134762723126,392.8205731235447,90949700
2021-06-18,387.7969970703125,390.5167474088944,387.5913771677302,389.82512979232945,118676300
2021-06-21,393.3486633300781,393.53560087943845,388.7409408172673,389.5540649639203,72822000
2021-06-22,395.45159912109375,396.28343417143736,392.61966911686017,393.339353041914,57700300
2021-06-23,394.9748840332031,396.33008124420775,394.8907707047403,395.52631264601126,49445400
2021-06-24,397.3115539550781,397.7321206963649,396.86292090837077,397.115289475811,45110300
2021-06-25,398.72283935546875,399.17147241602134,397.73213297075046,398.05925946140326,58129500
2021-06-28,399.5266418457031,399.69486854958024,398.0499376849995,399.2462640059079,53159600
2021-06-29,399.7415771484375,400.5453458904214,399.20883078354126,399.9098038354574,35970500
2021-06-30,400.078125,400.75106042965825,399.25564519456503,399.2836829823561,64827900
2021-07-01,402.2930908203125,402.4519905914438,400.76963819499144,400.83506919032,53441000
2021-07-02,405.3680725097656,405.72323677808726,402.37724253484845,403.45209077508554,57697700
2021-07-06,404.62969970703125,405.6391169295271,401.9005937821132,405.4241415803903,68710400
2021-07-07,406.05963134765625,406.34003766118167,403.30248799530796,405.31193822358387,63549500
2021-07-08,402.7511291503906,403.5081778396305,399.57336151548776,400.7510054866028,97595200
2021-07-09,407.05035400390625,407.3494426746745,402.55478259875076,404.2558173257462,76238600
2021-07-12,408.50836181640625,408.76073035250516,406.536304788165,406.9662269112006,52889600
2021-07-13,407.11578369140625,409.2187027689948,406.85408823599073,407.72328794262097,52911300
2021-07-14,407.72332763671875,409.29352904474496,406.48028123314407,408.8075027783235,64130400
2021-07-15,406.33074951171875,407.059760411339,404.4334500856128,406.3868250791765,55126400
2021-07-16,403.14361572265625,407.555073909898,402.75108678868395,407.5083537824567,75874700
2021-07-19,397.19000244140625,403.20902632092094,394.38611039278754,398.3302530154178,147987000
2021-07-20,402.88189697265625,404.15300952398457,397.05913759218004,397.85357937142714,99608200
2021-07-21,406.143798828125,406.28401626491234,402.83522636423976,404.0782727663207,64724400
2021-07-22,406.9942321777344,407.2372452604418,405.33994628759945,406.32129700633567,47878500
2021-07-23,411.181396484375,411.51784981607466,408.2373157413509,408.9195778381852,63766600
2021-07-26,412.1907958984375,412.2001513321197,410.54586536220575,410.59258548528925,43719200
2021-07-27,410.3122253417969,411.18142503169713,407.4896224241449,411.15338725210887,67397100
2021-07-28,410.14398193359375,411.51789021824817,408.72335352250394,410.9384237416545,52472400
2021-07-29,411.8450927734375,412.9199125840506,411.0600062546591,411.0693616907412,47435300
2021-07-30,409.8449401855469,411.29360644207577,409.1532940336554,409.28415602981516,68951200
2021-08-02,408.9850158691406,412.10667876520074,408.6298516644557,411.5552501136449,58783300
2021-08-03,412.3123779296875,412.4338844991458,407.5925037276187,409.7795364098606,58053900
2021-08-04,410.28424072265625,412.28433581198715,410.050583021591,411.03193395699765,46732200
2021-08-05,412.88250732421875,412.96662067268136,411.1253968736616,411.4431679198543,38969700
2021-08-06,413.56475830078125,413.9853535543252,412.9198607907698,413.2002671340216,46930000
2021-08-09,413.2282409667969,413.8544275100853,412.4618370122482,413.5366565217107,41222600
2021-08-10,413.7422790527344,414.45260745639985,412.99458596031207,413.6768480634151,43339300
2021-08-11,414.7704162597656,414.8638850355054,413.6862412110491,414.80780947459465,44034300
2021-08-12,416.013427734375,416.15364514758056,413.72359979508303,414.6208372172166,38909400
2021-08-13,416.77056884765625,416.7892511950456,415.9761269822574,416.46212471839107,39470300
2021-08-16,417.75189208984375,417.8827255582406,413.9199004513762,415.4713908619817,73740000
2021-08-17,415.01348876953125,415.87333317500145,412.032014089514,415.2003978250957,92673900
2021-08-18,410.4711608886719,415.5649103189403,410.22817626839674,414.00406428357036,89351900
2021-08-19,411.106689453125,412.30304425730367,407.6111793930043,407.7513683082851,92812200
2021-08-20,414.37786865234375,414.7049951138694,410.96647217681397,411.4524984131377,72008700
2021-08-23,418.0229187011719,418.92951158354134,414.4526227295589,416.0601886079049,54973000
2021-08-24,418.6864929199219,419.2192392352231,418.17245747210313,418.6864929199219,38744700
2021-08-25,419.5650939941406,420.0791294982954,418.49960124676494,418.87347636542324,40529700
2021-08-26,417.08831787109375,419.5183349461485,416.9948490937456,419.2846772641112,57829600
2021-08-27,420.8174743652344,421.1913209422029,417.8360001384459,417.89207569885787,77235100
2021-08-30,422.66802978515625,423.45311610967644,421.2473729404078,421.49038603704406,48357400
2021-08-31,422.0418395996094,422.9110393113264,421.44369077915854,422.57458594782264,59300200
2021-09-01,422.2661437988281,423.4905077483613,422.03248612109024,422.9764722664043,48721400
2021-09-02,423.5652770996094,424.3690457877398,422.3689509787344,423.6867836507604,42501000
2021-09-03,423.4624938964844,423.9765579301553,422.0325099688313,422.4344228744772,47170500
2021-09-07,421.9483947753906,423.2101520054819,421.27545948751975,423.1166832249812,51671500
2021-09-08,421.434326171875,422.1446546206983,419.51831615140816,421.41564382630884,56181900
2021-09-09,419.6304931640625,422.98581388405796,419.38748005990004,421.23805907529504,57970400
2021-09-10,416.3218994140625,421.9764037145198,416.2003928599835,421.5558370150139,89948200
2021-09-13,417.38739013671875,419.57445120398825,415.07885103030503,419.31275573342043,83738600
2021-09-14,415.13494873046875,419.03234294728094,414.2470381175579,418.82672304337876,78197100
2021-09-15,418.6024169921875,419.0977701394543,414.4526542585058,415.5555116773011,78792200
2021-09-16,417.9388122558594,419.0509965202967,414.99470280608074,418.0790011528334,77786700
2021-09-17,413.8677673339844,417.59014061048,413.5114651713194,417.1682264289433,118425000
2021-09-20,406.9667663574219,409.3295710757895,402.10984707082173,407.75436793021106,166445500
2021-09-21,406.5823059082031,410.59533949300106,406.0572382327374,409.30141250201683,92526100
2021-09-22,410.5484924316406,412.5831513891095,406.6948671942367,408.85139337293356,102350100
2021-09-23,415.53662109375,417.1399803704705,412.17993634176355,412.41434258074156,76396000
2021-09-24,416.2210998535156,416.9337039803391,413.6895010133059,413.90516505538227,62094800
2021-09-27,415.0303649902344,416.35239112758217,414.33650299714867,415.1897452245322,61371100
2021-09-28,406.6667785644531,412.5925763413833,405.9354320967594,412.2644018182025,130436300
2021-09-29,407.3511962890625,409.77964162679973,406.7886155612909,408.045029638689,82329200
2021-09-30,402.3724670410156,409.52652283633495,402.03490711070083,408.82330398006496,140506000
2021-10-01,407.1543273925781,408.8326843876151,400.58159468725086,404.0976889255961,129240100
2021-10-04,401.9035949707031,406.89173823936943,399.7657824946463,405.9916262485337,128570000
2021-10-05,406.08538818359375,408.3262970264828,402.6068074886927,403.4037658375677,90682500
2021-10-06,407.7731018066406,407.97938044868795,400.8721956255004,402.49426854273986,113032200
2021-10-07,411.298583984375,414.13020116989895,410.86728449835147,411.0454355366307,72437500
2021-10-08,410.5484924316406,412.45189876084635,409.9202996692927,412.0674690550003,74557400
2021-10-11,407.5762634277344,412.79884218436496,407.5106228023292,409.89219860577384,65233300
2021-10-12,406.5729675292969,408.89828794249456,405.785365924999,408.49511604042164,71181200
2021-10-13,408.03564453125,408.8513737107969,404.62270437794365,407.59495963247764,72974000
2021-10-14,414.8990478515625,415.0490712799511,411.2235453911505,411.69235787459854,70236800
2021-10-15,418.0589294433594,418.4246169939427,416.3899577874224,417.0087938325293,66260200
2021-10-18,419.2965087890625,419.6340400404351,415.621006350095,416.27735526871015,62213200
2021-10-19,422.53131103515625,422.59692303340495,420.30911592133424,420.91859501540216,46996800
2021-10-20,424.19091796875,424.4909648278342,422.878248727811,422.99075914645675,49571600
2021-10-21,425.29730224609375,425.5223230800388,423.15951848148666,423.59081795122904,41305400
2021-10-22,424.8566589355469,426.3099949344086,422.9157682107572,424.8660443425605,58845100
2021-10-25,427.13507080078125,427.46324528395957,424.1722008875209,425.9442973142117,45214500
2021-10-26,427.51947021484375,429.8916602272119,427.144425952367,428.68214462677764,56075100
2021-10-27,425.6255187988281,428.6446726137015,425.5504927707311,427.9789668380812,72438000
2021-10-28,429.7323303222656,429.80732773792477,427.0413509410185,427.05070773419686,51437900
2021-10-29,430.6042785644531,430.8949400235168,427.14444004690756,427.43510150597126,70162400
2021-11-01,431.344970703125,431.96380657611127,429.61974430603044,431.5887337216653,48433600
2021-11-02,433.0889587402344,433.3983909976397,431.3824744636354,431.5137556913935,48908400
2021-11-03,435.7330627441406,436.1362346004919,432.0856879971298,432.5263728629684,52509800
2021-11-04,437.78656005859375,437.87094288799125,435.98630718930116,436.3332239148404,52847100
2021-11-05,439.3054504394531,441.2932109079652,437.7958878886841,440.0086692059953,66390600
2021-11-08,439.68048095703125,440.89941061596096,438.9960330253521,440.4024705143944,50405200
2021-11-09,438.2272644042969,440.2806658526041,436.8208266240344,440.0462595558937,51149100
2021-11-10,434.7016906738281,438.2271697715408,433.220255788708,436.53942763125457,69429700
2021-11-11,434.84234619140625,436.2675545379645,434.8236039920207,436.19252851233256,34848500
2021-11-12,438.1240234375,438.6772187538003,435.1611250038921,436.1081354103615,53466700
2021-11-15,438.2740783691406,439.56800554034606,437.14894545673525,439.40862530276064,46980500
2021-11-16,440.00860595703125,441.1431240587056,437.93646296807935,438.0114603688836,48857500
2021-11-17,438.93975830078125,439.9242530537252,438.32092239942926,439.74610202390977,47858300
2021-11-18,440.4305725097656,440.6931063478928,437.25201023461375,439.9711168325113,50625600
2021-11-19,439.64300537109375,441.5651251990252,439.27731788187225,440.31806790988196,57315600
2021-11-22,438.4053649902344,444.0029878555942,438.1990863283232,441.51828711942284,72762000
2021-11-23,438.98663330078125,439.83987544998917,435.4799250989726,438.07713594296996,73206500
2021-11-24,440.15869140625,440.2805872370219,436.17378507370955,436.98951426235885,61858800
2021-11-26,430.341796875,434.9642817891199,429.21663530001194,433.5015889100639,112669600
2021-11-29,435.6205749511719,437.4583119148909,432.92959581507233,435.1236348523177,86268800
2021-11-30,427.1444396972656,435.08612453579684,426.90064804249147,433.1827469437874,148559600
2021-12-01,422.4000549316406,435.6862135337651,422.2031616971008,432.84521097923056,131939200
2021-12-02,428.86968994140625,430.43553635703284,422.22193180478286,422.61574691393747,127637800
2021-12-03,425.13787841796875,431.58871344638754,420.9185665300391,430.5292213858788,137331600
2021-12-06,430.1729431152344,432.04819294676213,425.2691545047344,427.6788574056175,98977500
2021-12-07,439.07098388671875,439.63356454550274,430.04165158605986,435.44238012792107,95484700
2021-12-08,440.2336730957031,440.68374339000826,437.7114595944113,439.46484235390875,72238800
2021-12-09,437.2613830566406,440.3367916207848,437.0644898372222,438.9490964511675,61272600
2021-12-10,441.3775939941406,441.52761743144606,437.41145846142433,439.9617996675269,77159800
2021-12-13,437.4676513671875,441.2087655181387,437.18634673203786,440.86184888742423,87724700
2021-12-14,434.4579162597656,436.6894683893485,431.5419161774256,434.20476780499797,97264100
2021-12-15,441.2463684082031,441.49013147147207,432.0013702393154,434.51422720060384,116899300
2021-12-16,437.3551940917969,443.3747305871484,435.80808994562267,443.0934545318682,116568600
2021-12-17,432.7004699707031,437.2827414785998,430.9974086651927,434.28120719660683,135511600
2021-12-20,428.0993957519531,428.4945657060667,424.4862697414786,427.62893618734074,107134800
2021-12-21,435.7019958496094,435.84312797159805,429.3507919289712,431.5148943716561,69806300
2021-12-22,440.0584411621094,440.17134685592566,435.25032979357655,435.44794347232624,58890200
2021-12-23,442.79656982421875,444.29262786782226,440.95237627994055,441.0558636062711,56439700
2021-12-27,449.0630187988281,449.1100532638039,444.12319396445406,444.1702284294298,56808600
2021-12-28,448.6960754394531,450.52146074512336,447.9339332846144,449.4958623974338,47274600
2021-12-29,449.2700500488281,450.2862300149204,447.8022185897107,448.7995905115579,54503000
2021-12-30,448.0279846191406,450.7001910745442,447.5669435079559,449.6934008752194,55329000
2021-12-31,446.89892578125,448.68666632067624,446.6260799179109,447.5387725895835,65237400
2022-01-03,449.4864196777344,449.6181621243115,445.8544860219246,448.15972040589463,72668200
2022-01-04,449.3359069824219,451.6223622300133,447.4822951975026,450.9072545217483,71178700
2022-01-05,440.7076416015625,449.7404696581306,440.61354395954817,448.9689091940095,104538900
2022-01-06,440.293701171875,443.0035528678846,437.9319849605687,440.2466667010779,86858900
2022-01-07,438.5529479980469,441.479221117935,437.1980222953608,440.3030723284207,85111600
2022-01-10,438.0071716308594,438.2235646031571,429.6235806846066,435.3631917870125,119362000
2022-01-11,441.9967956542969,442.0908933175215,434.7517063046283,437.74385119355054,74303100
2022-01-12,443.1916809082031,445.2429062617321,441.2345819172256,443.7280116585806,67605400
2022-01-13,437.0850830078125,444.94176206075105,436.0594847879406,444.29252568167936,91173100
2022-01-14,437.2639465332031,437.6120820227763,432.7287093594842,433.9425030975037,95890900
2022-01-18,429.5201110839844,432.7851012078921,428.40983354006795,432.5780978764357,109709100
2022-01-19,425.0602111816406,432.45582165960354,424.7873365975809,431.0632797435182,109357600
2022-01-20,420.3556213378906,431.6372325182061,418.2385532953383,426.9420552480534,122379700
2022-01-21,412.103759765625,421.58821170548157,412.0755333410702,419.2359139440063,202271200
2022-01-24,413.8538818359375,414.36198622480896,395.90115681307793,406.5053054589265,251783900
2022-01-25,408.80108642578125,413.7409112645625,401.9135523304981,407.47438716618876,167997300
2022-01-26,407.7755432128906,417.80574473347866,403.5225703047687,414.6818862839636,186391100
2022-01-27,405.7619323730469,415.50045053402,404.0777079047049,412.3672026513168,149878300
2022-01-28,415.83917236328125,415.88620682845203,402.54398201671927,407.1168346707988,164457400
2022-01-31,423.32891845703125,423.677053931945,413.82562974282484,415.17113717300543,152251400
2022-02-01,426.1893005371094,426.8291186076498,420.5343677869096,424.053395889453,123155400
2022-02-02,430.32940673828125,431.0539041932423,426.2834369036978,428.5887004556451,117361000
2022-02-03,420.2144775390625,426.20812763649417,419.37704575360794,424.3074813838875,118024400
2022-02-04,422.1904296875,426.0293671450485,417.6081293545503,419.97926396514714,118454400
2022-02-07,420.8354797363281,424.3450895509773,419.50878037886775,422.95254768054906,84472900
2022-02-08,424.29803466796875,425.2201456654425,418.91597660458353,420.33677354523064,81012000
2022-02-09,430.5081481933594,430.8280572528607,428.1276239352286,428.3252089130967,92589900
2022-02-10,422.7737731933594,430.66806944150386,420.7790293131962,424.67441942143387,140103700
2022-02-11,414.4372253417969,424.92846773085336,413.00703862428105,422.85846290665194,153214600
2022-02-14,413.08233642578125,415.5099240394694,409.619760664808,413.92918667657835,123006300
2022-02-15,419.74395751953125,419.91331604233613,416.9964614975675,417.5139841588956,88482700
2022-02-16,420.2144775390625,421.588211390658,415.82979106919817,417.70221089727113,84863600
2022-02-17,411.23809814453125,420.186247943638,410.63592485416507,417.0341632264874,102259100
2022-02-18,408.57525634765625,412.7435205102697,406.30763817495443,411.4920821949047,132642900
2022-02-22,404.1906433105469,409.7702869392554,400.6998126141375,406.37358261467153,124391800
2022-02-23,397.020751953125,407.662542699413,396.4561948551213,407.0979856014093,132578000
2022-02-24,402.99560546875,403.4284488931798,386.3790008159794,386.7365259239518,213942900
2022-02-25,411.8872985839844,411.97197784953823,402.5815957478885,404.22820402320997,121804500
2022-02-28,410.83349609375,412.3107459178309,405.25385292778066,406.5052626502716,145615000
2022-03-01,404.5763854980469,411.34159579885494,401.8759236906789,409.3374336179091,137785900
2022-03-02,412.01904296875,413.74091213892484,406.0724278778105,406.825151607102,117726500
2022-03-03,409.96783447265625,415.04879163986294,408.17067562721684,414.4466183746847,105501700
2022-03-04,406.63702392578125,407.7661096277124,402.60047290853925,406.2418252656333,113978200
2022-03-07,394.64971923828125,406.75934432063025,394.58384800510765,406.05365494553234,137896600
2022-03-08,391.6575622558594,401.9700272063481,390.5943191141427,394.82845492231417,164772700
2022-03-09,402.15826416015625,404.13420015154503,397.8394486342406,400.02238799071915,116990800
2022-03-10,400.3422546386719,401.2361105228519,395.6000145047704,397.55711352812676,93972700
2022-03-11,395.2518310546875,403.4378087082755,394.743726780533,402.82621713239433,95636300
2022-03-14,392.36328125,399.46720926881693,391.22477713105775,396.0234704863825,95729200
2022-03-15,400.99151611328125,401.62191584683524,393.6993928949382,394.969610741959,106219100
2022-03-16,409.8831481933594,409.939601038674,399.7023972745846,404.49170046381727,144954800
2022-03-17,415.0111999511719,415.0111999511719,407.5967527483876,407.9731146505722,102676900
2022-03-18,419.5567626953125,419.8776656161691,412.6667255275147,413.40292135860483,106345500
2022-03-21,419.43402099609375,421.3877523283893,415.93234592986585,419.3868116069883,88349800
2022-03-22,424.342041015625,425.2764356419781,420.8214989932451,420.8214989932451,74650400
2022-03-23,418.87713623046875,423.303758234989,418.79219389310117,421.8125003060186,79426100
2022-03-24,425.1914978027344,425.2009454427064,419.78329999434203,420.897026967389,64736900
2022-03-25,427.26788330078125,427.54160557531713,423.24710673053914,425.8238060374059,77101300
2022-03-28,430.3070373535156,430.3070373535156,424.7855555376232,426.6732396590378,68529800
2022-03-29,435.6303405761719,436.12115693733773,431.5057549157547,434.18626321308204,86581500
2022-03-30,432.9404296875,435.30003519309184,430.83565120715195,434.4883159212036,79666900
2022-03-31,426.27685546875,432.9970065427643,425.8238008960685,432.1758685328461,121699900
2022-04-01,427.4849853515625,427.99463935727147,423.9172632927216,427.8530688001301,89048800
2022-04-04,431.1471252441406,431.2509628688752,426.8621021980193,427.6832403411355,59601000
2022-04-05,425.7010803222656,432.11919476582733,424.55903950236103,429.65578083151576,74214500
2022-04-06,421.44439697265625,423.71906006741074,418.5656898647818,421.7936427720497,106898000
2022-04-07,423.5680236816406,425.3802132507673,418.62230012164184,420.5666126114327,78097200
2022-04-08,422.4354248046875,425.32357938924946,420.89695753959705,422.8129558921499,79272700
2022-04-11,415.2149658203125,420.009670281553,414.71473073594825,419.16963711517997,89770500
2022-04-12,413.6765441894531,420.7175978859881,412.1286293865626,418.19752691427806,84363600
2022-04-13,418.4146423339844,419.16970449840653,413.25182485427155,413.4311571589825,74070400
2022-04-14,413.20465087890625,419.7549175134308,413.1008132674667,418.64116191799894,97869500
2022-04-18,413.37457275390625,415.05461073103595,411.1470901663332,412.2797123367979,66002500
2022-04-19,420.04754638671875,420.76484688177004,413.1008527235854,413.27073740895713,77821000
2022-04-20,419.7360534667969,422.4354571159878,418.5751460041488,421.8219654514646,65224400
2022-04-21,413.45947265625,424.7383973991878,412.55339229515056,423.3509483444846,85417300
2022-04-22,402.1145324707031,413.4783716367902,401.5482213990768,412.37409241070765,132471800
2022-04-25,404.44580078125,404.6156854519276,395.31883470061024,399.87760832355883,119647700
2022-04-26,392.7327575683594,402.11455163658286,392.70444345361744,401.9163240296101,103996300
2022-04-27,393.8370361328125,399.1697677643689,391.7039722839688,393.8087220181219,122030000
2022-04-28,403.7851257324219,405.51237307337215,394.1485050200903,398.5751272035263,105449100
2022-04-29,388.8629455566406,401.95403088704296,388.11730223189977,399.80207204922027,145491100
2022-05-02,391.2037048339844,392.56283983474725,382.2749373532382,388.92904179526005,158312500
2022-05-03,392.9969787597656,395.40376459664327,390.1465571793375,391.7039196895496,100028200
2022-05-04,404.96490478515625,405.53121582781534,390.47692222902697,393.65766562044956,144247900
2022-05-05,390.5714111328125,401.13300961981093,386.4468245601506,400.7082690292883,172929100
2022-05-06,388.2400207519531,391.50570647733946,382.9450801949944,388.01350785652954,151770800
2022-05-09,375.80975341796875,383.58700583205336,374.23352388456254,382.35057455176906,155586100
2022-05-10,376.6780090332031,383.27545730002635,372.64781289944233,381.7747515433738,132497200
2022-05-11,370.6939697265625,381.34995466803645,369.9483264327751,375.71521640762944,142361000
2022-05-12,370.3070373535156,373.5727232304534,363.5208097766853,367.5038249274551,125090800
2022-05-13,379.1603088378906,380.53831045425517,373.3934177273955,374.43164996045624,104174400
2022-05-16,377.6218566894531,381.2839693671578,375.27169861489534,377.51804786382434,78622400
2022-05-17,385.3896179199219,385.62557844782094,379.9719446127917,383.70013247510735,83029700
2022-05-18,369.8539733886719,381.12345103452697,368.61754246873323,380.840309909265,117674500
2022-05-19,367.5887756347656,372.005979027499,365.3707407010665,366.79595164216687,98510700
2022-05-20,367.7492370605469,374.7336635050742,359.1697150107811,371.1659411793916,131432200
2022-05-23,374.62982177734375,375.39433157969796,368.457086332618,370.7694822124612,76414900
2022-05-24,371.77008056640625,372.95930235202695,365.2292311284691,370.51475409897284,91448800
2022-05-25,375.0545349121094,377.0177426324369,369.88229858000193,370.2786961363731,91472900
2022-05-26,382.54864501953125,384.18150224653084,376.07390194163645,376.28154835892093,82168300
2022-05-27,391.93988037109375,392.0531368146943,384.80443638650837,385.0026351628093,84768700
2022-05-31,389.7406921386719,393.07245343451956,387.0035559449801,390.3258696030877,95937000
2022-06-01,386.58837890625,392.86492467925166,384.0777548362929,391.85503527070944,86585800
2022-06-02,393.95025634765625,393.9974369297573,384.1814851394755,386.4278338799512,79609600
2022-06-03,387.4849548339844,390.7884022780611,386.51279859544996,389.240487364167,71874300
2022-06-06,388.664794921875,393.21409252066996,387.49441098526677,391.48687393580764,57508900
2022-06-07,392.3929138183594,392.8459684053957,384.7194727728496,385.1819749982957,59272400
2022-06-08,388.1267395019531,392.46841881070924,387.333915614858,390.6845434619145,64350000
2022-06-09,378.8960266113281,388.61759004588066,378.8960266113281,386.3523744576506,86289800
2022-06-10,367.90972900390625,373.55391651113854,367.8625484088817,372.7044641742221,132893900
2022-06-13,353.9408264160156,360.3683895194282,352.3362831480851,358.5184668650851,170004900
2022-06-14,352.8742980957031,356.7157429736958,349.77849666174114,355.68695837561785,104011800
2022-06-15,357.9049987792969,362.3410401471121,351.2225794060758,356.1683036625761,125666800
2022-06-16,346.0597229003906,350.10881384000515,343.63404163139757,349.702968623294,134473300
2022-06-17,346.8056945800781,350.1423885814665,343.30789944734585,346.4739460122469,111113900
2022-06-21,355.5361328125,356.9200870230244,352.4459063417937,352.521756092844,76811900
2022-06-22,354.8915100097656,358.99598772773135,350.90074904768903,351.3178358414842,90059400
2022-06-23,358.370361328125,359.1002487608876,353.46963484148904,357.0243321478926,79292100
2022-06-24,369.76434326171875,369.7738317116263,361.5079743602973,361.53641078181903,98050300
2022-06-27,368.3519592285156,370.9776852889989,367.2618578134948,370.683832618729,66009600
2022-06-28,360.825439453125,372.68391795995,360.7116937770823,369.9065216331798,86548900
2022-06-29,360.5315856933594,362.3610628098229,358.71159702593604,361.37524766838453,65676000
2022-06-30,357.60260009765625,360.83500878132185,353.1568557172421,356.64519222936855,112508300
2022-07-01,361.384765625,361.8208293565842,354.33224330989844,356.94850998659183,74839700
2022-07-05,362.0672607421875,362.08623764291843,353.4791138897527,356.3039239194396,81438000
2022-07-06,363.29010009765625,365.7736442291068,359.8302001680812,362.2094581257224,70426200
2022-07-07,368.7311096191406,369.52735833895935,363.3090102076316,365.06266665246835,64525900
2022-07-08,368.4278259277344,370.2952282014979,365.5745794315864,367.10071569720793,72397800
2022-07-11,364.21905517578125,366.72154716840924,363.52706364959664,365.7546798643806,58366900
2022-07-12,360.99603271484375,366.04845792183517,359.25186497173377,363.6691716276499,62219200
2022-07-13,359.1002502441406,362.02934629353234,355.14744302288534,355.56452982281553,84224600
2022-07-14,358.2281799316406,359.3087928722651,351.715979081912,354.1521096552973,89704800
2022-07-15,365.0721435546875,365.1858892356065,360.7211976903377,362.62649570213034,79060400
2022-07-18,362.05780029296875,368.82592927824663,360.83497625525047,368.1529146526756,63203600
2022-07-19,371.8403015136719,372.40905889172745,365.31864088700104,365.97267860433266,78506000
2022-07-20,374.2100830078125,375.62250240338216,370.6648741646818,372.02988023942527,71843800
2022-07-21,378.0207214355469,378.068105826219,371.2336162126565,373.6318507302927,64903900
2022-07-22,374.513427734375,379.33833343517273,372.29530007355766,378.1439748043947,72197300
2022-07-25,374.96844482421875,375.8215664094441,372.73134023128426,375.13906335562353,53631500
2022-07-26,370.53216552734375,373.53705331768873,369.6411191276845,373.3285099278068,52946400
2022-07-27,380.153564453125,381.8977324950311,373.5275888700464,373.82144153900765,82342100
2022-07-28,384.92156982421875,385.61353235014826,377.4140367716771,380.95927437369363,73966600
2022-07-29,390.53326416015625,391.51910833460266,385.585124244229,386.352936564959,87003700
2022-08-01,389.3767395019531,391.8792599477975,387.13017574109546,387.84111510481983,69997500
2022-08-02,386.8078918457031,391.4906148313067,385.632481339068,387.8126838455422,63435400
2022-08-03,392.8652038574219,394.0311261963377,388.64695098882254,388.9313152353376,67820600
2022-08-04,392.5997619628906,393.4718315474268,390.95985110646615,392.78932847212786,45656600
2022-08-05,391.93621826171875,392.58079648264055,388.26777497334547,388.3246478205913,56814900
2022-08-08,391.4811706542969,395.87004150956847,390.3815808280443,393.62347746477167,53886100
2022-08-09,389.9266052246094,391.25368644325886,388.8554517997777,390.7512903773344,44931800
2022-08-10,398.11663818359375,398.2588492285253,395.01695232609546,396.96966387104465,68665700
2022-08-11,398.11663818359375,402.81833898357877,397.37726224840134,400.9603962309802,59489700
2022-08-12,404.8562927246094,404.96054995020353,399.10241628589347,400.0503354779772,61694500
2022-08-15,406.52471923828125,407.04609228987914,402.5908593277422,402.64773218017746,54048300
2022-08-16,407.3209533691406,409.24522847882577,404.64781387838514,405.45355110579476,59289000
2022-08-17,404.42974853515625,407.1313242254354,402.42965277199465,403.7282975362389,63563400
2022-08-18,405.6051940917969,406.28766820146114,403.33965312992564,404.628809463559,49023200
2022-08-19,400.15460205078125,403.11210515684974,399.28250370833194,402.84668895318197,68016900
2022-08-22,391.82244873046875,395.5003802457015,390.9219138235221,395.3297327861423,77695600
2022-08-23,390.87451171875,393.7846307828097,390.3247023494631,391.39585573923233,49105200
2022-08-24,392.1257629394531,393.49074002484474,389.9645082393007,390.64698231789686,49177800
2022-08-25,397.66168212890625,397.70906652826534,392.5239461830148,393.61404772211625,50942300
2022-08-26,384.2011413574219,398.088152311537,384.14426851779484,397.5478603350803,103087000
2022-08-29,381.6607971191406,384.70361032886984,380.3052793040388,381.2531987151374,65370800
2022-08-30,377.47088623046875,383.0541440516301,375.37599295553645,382.81716425809753,85652400
2022-08-31,374.5987854003906,380.343174709191,374.4660917256927,379.10140259668094,76029700
2022-09-01,375.774169921875,376.1154069737023,369.7264403478649,372.4280160542996,78740100
2022-09-02,371.8117980957031,380.6464115154421,370.0012690480302,379.43307616071115,99632100
2022-09-06,370.4089050292969,373.59389956272736,368.19077763747265,372.65546883916255,76637400
2022-09-07,377.0633850097656,377.8311974242417,369.87816854830936,370.0961715004415,70964200
2022-09-08,379.52789306640625,379.98287576733065,373.59390963079943,374.79778552612436,80821700
2022-09-09,385.42401123046875,386.28662130528346,381.49961125899546,381.7650275183075,76706900
2022-09-12,389.5663757324219,390.2868036201907,387.1870891554379,387.49043025851944,69256300
2022-09-13,372.6270446777344,382.10623671263886,371.5085069603833,380.90236081015905,122947100
2022-09-14,374.0489807128906,375.5656574561683,370.75021096587693,373.9257465690702,85023700
2022-09-15,369.8022766113281,375.33812191068284,368.53206820723454,372.49436398050875,87633800
2022-09-16,366.98101806640625,367.6377713603656,363.6972515966094,365.629459872336,103084800
2022-09-19,369.8269958496094,369.8269958496094,363.7639505998914,363.84011191988435,73278500
2022-09-20,365.5819091796875,367.51408871168167,362.83118428153335,366.5051690967704,77274900
2022-09-21,359.20477294921875,370.55036925173334,359.1952455228189,367.504555601014,106746600
2022-09-22,356.1875305175781,360.07091552367,355.44511739669144,358.4337956869669,89472600
2022-09-23,350.2197265625,352.76105188849385,345.7842729569001,352.7229712221048,122346900
2022-09-26,346.7550964355469,352.3707890222306,345.5367765894628,348.75391014864755,92581200
2022-09-27,345.869873046875,352.5515910179344,343.4808127042095,350.2862710344236,108294100
2022-09-28,352.67529296875,354.3599916328385,345.1274223526463,346.82164844241146,110802200
2022-09-29,345.3083190917969,349.42013004160674,342.3672197883283,349.13459770031216,112952300
2022-09-30,339.96868896484375,348.27803005485464,339.83545019889937,344.3660620406642,153711200
2022-10-03,348.9442138671875,350.7907337489844,341.90080218718504,343.6806881754969,89756500
2022-10-04,359.7568359375,359.78538917158465,348.9061712798272,354.45522944852485,103602800
2022-10-05,358.9192810058594,361.17507392455065,353.07516233117366,355.39758915348943,88065700
2022-10-06,355.2167053222656,360.47070383972516,354.72174385776447,357.5200770483229,82333500
2022-10-07,345.3083190917969,355.30235769557754,343.547458861724,351.19051769873397,107789500
2022-10-10,342.6718444824219,346.65994489016896,340.4351062648356,346.4219915438692,76042800
2022-10-11,340.50164794921875,345.5367479558779,338.56946829764377,340.9775545535183,92482800
2022-10-12,339.37847900390625,342.48139902682294,339.1309983011124,340.91091321016154,76991800
2022-10-13,348.3350830078125,349.8008834901985,331.3356839052994,332.3826842498608,147254500
2022-10-14,340.39697265625,352.41837848921915,339.7592450066515,350.7907569397952,123737000
2022-10-17,349.1440734863281,350.24818012108415,340.0637687647691,346.4694811126714,93168200
2022-10-18,353.24639892578125,357.35823847132036,349.81033854515664,357.0536513093477,97162900
2022-10-19,350.7431640625,353.93174409065676,347.93530350478727,351.2095432352664,79746900
2022-10-20,347.80206298828125,354.7122360773966,347.0405950042413,350.2958089110657,88283100
2022-10-21,356.2541198730469,356.7395247837277,346.02212943460694,347.5259812950986,131038400
2022-10-24,360.61346435546875,361.74612439325887,355.13101099924324,357.77707959447656,85436900
2022-10-25,366.37200927734375,366.68609490370255,360.42317581037906,360.53738876541865,78846300
2022-10-26,363.6116943359375,368.90377378445976,362.9739957124518,363.230974837986,104087300
2022-10-27,361.6700134277344,366.44810554176166,361.0513115703601,364.6111129190357,81971800
2022-10-28,370.2743835449219,370.75029017440346,361.3844511918501,361.5652980348159,100302000
2022-10-31,367.5997619628906,369.68423516133385,366.69555686556424,367.81868945232327,96631300
2022-11-01,365.9911804199219,371.5783479860967,364.8204688405162,371.34039469961164,85407600
2022-11-02,356.8062744140625,369.9032357188449,356.70158888563316,365.4011480085662,126990400
2022-11-03,353.13226318359375,356.1685499468717,351.0192364870028,353.57008917022813,87100100
2022-11-04,358.21490478515625,360.61346359996287,352.170885136249,358.8335775577456,103505200
2022-11-07,361.6414794921875,362.23159909806725,357.4344518726958,359.50939792144624,68286900
2022-11-08,363.5926208496094,366.5622732100706,359.5188617569453,362.745493209243,84641100
2022-11-09,356.1018371582031,362.77405623568103,355.60687575970667,361.62234147920316,78495500
2022-11-10,375.671142578125,376.00428299719744,367.0572450041489,369.35108918360226,141455800
2022-11-11,379.3070373535156,380.1065568499029,374.6431300540452,376.5277303971915,93839900
2022-11-14,376.0804138183594,380.89658611860307,375.8043798668183,377.5462142284,71903500
2022-11-15,379.2880554199219,382.9239890323085,375.48080239259394,381.8198821687392,93194500
2022-11-16,376.39453125,378.61224316456577,375.76633106956126,377.6604299906343,68508500
2022-11-17,375.2427978515625,375.91860608551974,371.34038726892305,371.6449453937852,74496300
2022-11-18,376.94659423828125,378.6408206344442,374.1006819611119,378.5741867367159,92922500
2022-11-21,375.5760498046875,376.74679075541826,373.73905689546734,375.62365790339106,51243200
2022-11-22,380.6300354003906,380.7918564006526,376.10892338301994,377.51761716325757,60429000
2022-11-23,383.0286560058594,383.51406095455076,380.06850204043604,380.29692789864373,68261600
2022-11-25,382.9429626464844,383.4950305265415,382.191051189936,382.4670560829331,30545400
2022-11-28,376.832275390625,381.4961531212525,376.0708075885261,379.8590336555232,67881600
2022-11-29,376.18505859375,378.1552894078284,374.34803744682523,376.96552317001493,52310000
2022-11-30,388.03515625,388.03515625,374.51942770651925,376.4325522787015,144566700
2022-12-01,387.7496337890625,390.2433795179694,385.24636063389784,389.07263892248426,76398200
2022-12-02,387.3023376464844,388.2065428165103,382.76219884695456,382.86688436312187,85342700
2022-12-05,380.3349914550781,385.41766990087285,378.98343312541476,384.4849116571129,77289800
2022-12-06,374.8525390625,380.7157112233438,372.76809510416285,380.17319983401165,77972200
2022-12-07,374.2148742675781,376.5753814167961,373.0822142567911,374.0054742055746,65927900
2022-12-08,377.1464538574219,378.2124799961138,374.3195674856605,376.09948257287107,60737900
2022-12-09,374.3290710449219,378.45993659247966,374.205330689029,375.9090843451082,81447700
2022-12-12,379.72589111328125,379.72589111328125,374.45283780553007,375.11908962319546,75405800
2022-12-13,382.60028076171875,390.7097172341381,379.840028813482,390.45273817570154,123782500
2022-12-14,380.15423583984375,385.9603029263179,377.21313615399055,382.2577351529548,108111300
2022-12-15,370.85504150390625,376.2042279020718,369.19889556417144,375.2999935975968,117705900
2022-12-16,366.4765625,369.6415286124747,364.3442912550409,368.3028770994123,119858000
2022-12-19,363.3689880371094,367.00250429400353,361.70523742151596,366.6678340994925,79878100
2022-12-20,363.8662109375,365.4821639806004,361.29407404311723,362.6136124267533,74427200
2022-12-21,369.3069152832031,370.43520527298585,365.9220161334383,366.45747677877307,78167400
2022-12-22,364.0382995605469,369.2877393144812,358.34899424622876,366.26619498775557,100120900
2022-12-23,366.13238525390625,366.2758070046261,361.4662030943732,363.01521636298173,59857300
2022-12-27,364.6885681152344,366.36189009849295,363.01524613197586,366.0176778685383,51638200
2022-12-28,360.15625,366.59137848650926,359.9267751898031,364.6216127041186,70911500
2022-12-29,366.6391906738281,367.5093216045126,362.4702133125497,362.9961320141737,66970900
2022-12-30,365.6733703613281,365.8167920978852,361.8486350909296,363.9618223377231,84022200
2023-01-03,364.1339416503906,369.4981190554035,361.2749320892196,367.52838265402187,74850700
2023-01-04,366.94512939453125,368.9722345195995,363.34986872415914,366.3905264117615,85934100
2023-01-05,362.757080078125,365.10928447945327,362.1642506841692,364.9945470716449,76970500
2023-01-06,371.0757751464844,372.1945229681979,362.7856784133102,365.84544889092865,104189600
2023-01-09,370.8655090332031,376.44964922378716,370.6838609207569,373.2655401902277,73978100
2023-01-10,373.46624755859375,373.5331874264222,369.3450978055792,370.28216841393834,65358100
2023-01-11,378.1898498535156,378.26636090740493,374.2312636370513,375.0440257972263,68881100
2023-01-12,379.56671142578125,381.0296714661986,375.2256580025695,379.28943913488575,90157700
2023-01-13,381.0392761230469,381.61299228704434,376.10536380133436,376.3730941204777,63903900
2023-01-17,380.34124755859375,382.69348088927234,379.66236518124305,381.0201591163604,62677300
2023-01-18,374.3364562988281,382.58832869980466,374.1356658339176,381.52697849057256,99632300
2023-01-19,371.6113586425781,373.94442072442195,370.2918200719056,372.2997830998825,86958900
2023-01-20,378.5340576171875,378.68705053096147,371.36267892386525,373.0073162714171,91806400
2023-01-23,383.0759582519531,385.0074392135379,378.3810918291715,379.3372757234957,84178800
2023-01-24,382.664794921875,383.57315208650715,380.21696655885887,381.4026252152029,59524900
2023-01-25,382.8082275390625,383.1428977378186,376.31573073269413,378.6010242444025,84800300
2023-01-26,387.01544189453125,387.17800600043023,382.5022526217131,385.46642861189923,72287400
2023-01-27,387.9046630859375,390.2760095744735,385.762820567528,385.97318218490153,68346200
2023-01-30,383.0377502441406,387.37883383343035,382.7413355345612,385.1509087422322,74202000
2023-01-31,388.6696472167969,388.7174447402499,383.20981606709955,383.5540574493801,86811800
2023-02-01,392.80035400390625,395.54462644508357,384.7206171548962,387.45528923844535,101459200
2023-02-02,398.5182800292969,399.9812400651867,394.7891690731477,396.68239430758535,101654500
2023-02-03,394.282470703125,398.70003602985804,393.0776695484089,393.5557615392747,94736800
2023-02-06,391.87286376953125,393.2689133762878,390.2186841761235,391.834637420615,60295300
2023-02-07,396.99798583984375,398.241013206568,389.7118693730586,390.9548967397829,90990700
2023-02-08,392.6568908691406,396.36688886374986,391.96843733219856,395.0282373142556,76227500
2023-02-09,389.2529296875,396.4051963035193,388.0290153704697,396.2522033663381,78694900
2023-02-10,390.1612854003906,390.54375312300726,387.26404936045475,388.07678232835883,70769700
2023-02-13,394.7413635253906,394.8752432701656,390.3524831825662,390.81146193268944,64913500
2023-02-14,394.559814453125,396.86419241693784,390.6107695170896,393.22113339110297,88389300
2023-02-15,395.8410339355469,395.91751581058026,391.5286350725414,392.3700815999979,61555700
2023-02-16,390.3907775878906,394.8179138959173,390.25692701019995,390.8784407346895,76431500
2023-02-17,389.4154357910156,389.65448174842203,386.34606468801917,388.26800352329917,89257800
2023-02-21,381.6034851074219,386.4513451946088,381.34532592151567,385.39953691428894,82655900
2023-02-22,381.0775451660156,383.55405800104023,379.624126941612,382.01458672604707,83742300
2023-02-23,383.1046447753906,384.577176151522,378.88787027584414,383.965204449082,96242400
2023-02-24,379.01214599609375,379.8440212478962,376.3922116756281,378.0942177024235,108194400
2023-02-27,380.3030090332031,383.707021167783,379.3659383654355,382.3492272761536,80444700
2023-02-28,378.8974304199219,381.78509520813367,378.7922350201957,379.82492994288907,96438600
2023-03-01,377.4440612792969,379.30863174384257,376.1436650512144,378.0847173960627,99706800
2023-03-02,380.3795166015625,381.2209631061389,375.13961830151106,375.4742885040699,85127800
2023-03-03,386.4800109863281,386.7286281625777,381.54609807414363,382.1962961869598,90120000
2023-03-06,386.74774169921875,389.5971805098177,386.30790523195174,387.3023155770407,72795900
2023-03-07,380.81939697265625,386.9389980101572,380.2074543771584,386.69995200651795,108310600
2023-03-08,381.44091796875,382.1962822868647,379.21299300204765,380.93414163742426,74746600
2023-03-09,374.4033508300781,383.8887075845493,373.4184826190144,382.22492782127654,111945300
2023-03-10,369.0008850097656,375.9332173953836,367.4805563054659,373.85828575920306,189253000
2023-03-13,368.4749755859375,373.28460811867615,363.9713580532645,365.0805347641921,157790000
2023-03-14,374.5659484863281,376.21058604424246,370.0909854321958,373.3898317252391,149752400
2023-03-15,372.2232971191406,372.42408758364206,366.8973453679593,368.9818486133687,172996900
2023-03-16,378.7539978027344,379.0982391870772,369.36429390384325,369.87107021323396,143254200
2023-03-17,374.3253479003906,378.55821591341066,372.94318572096427,377.4256197444262,140553400
2023-03-20,377.9247131347656,378.33746367070916,374.40214170963634,375.1028011958168,93055800
2023-03-21,382.88702392578125,383.3669404738883,379.6907633119906,381.28408976671983,91524200
2023-03-22,376.3601989746094,386.3232727268631,376.3218267349629,382.71431965042825,111746600
2023-03-23,377.3776550292969,383.25182988301947,374.6709182110407,379.2205184817109,119351300
2023-03-24,379.85400390625,379.94038538264834,373.7590569871103,376.10105243097433,107682400
2023-03-27,380.5642395019531,382.89665633801565,379.67160169490063,382.1287722364247,74010400
2023-03-28,379.7099914550781,380.564227707631,377.8767066648121,379.87314668350865,62871700
2023-03-29,385.2290344238281,385.46899270747423,382.6662670661032,383.8660584843338,77497900
2023-03-30,387.4847412109375,388.10862703989994,385.6226621392842,387.85906099159905,69840000
2023-03-31,392.9461669921875,393.2437129705157,388.3005480641613,388.40614495841936,112062600
2023-04-03,394.4434814453125,394.84659500245755,392.03429064106433,392.4278257842298,67391100
2023-04-04,392.25506591796875,395.37452397054454,390.88248211307797,395.08655642138893,66601500
2023-04-05,391.22802734375,392.28384974684195,389.57711302940226,391.5255732993779,65200200
2023-04-06,392.754150390625,393.0325102209904,389.3851264771968,390.4313411526847,63743300
2023-04-10,393.1572570800781,393.23406013832266,389.66347951634174,390.27775752337686,63681000
2023-04-11,393.2629089355469,394.6642573806665,392.4950539964702,393.7812271299072,59297900
2023-04-12,391.6598815917969,395.61441853712375,391.0743974655557,395.32645103436823,86420400
2023-04-13,396.8623046875,397.21743834773326,391.602407274565,392.74461132827133,85814800
2023-04-14,395.892822265625,398.4171884519207,393.5892282764297,396.2287697684171,78161500
2023-04-17,397.3133544921875,397.3325406110166,394.577824032139,395.8064093482449,66436400
2023-04-18,397.57244873046875,399.0218060432113,396.199894466918,398.887415353016,63560000
2023-04-19,397.5054016113281,398.40761802092055,395.60492101424467,395.66250867247845,55227300
2023-04-20,395.3360900878906,397.0829934844094,393.7907434550367,394.6929889766768,75840400
2023-04-21,395.6432189941406,396.10392013942635,393.6947589557848,395.63361128968654,73457400
2023-04-24,396.0560302734375,396.4783592805185,394.10756979195463,395.4417228843057,64332100
2023-04-25,389.7690124511719,394.6449810037149,389.71142480850085,394.08826140218645,97766700
2023-04-26,388.1181335449219,391.4583635816679,387.56144318468967,390.3833550986097,80447000
2023-04-27,395.8448181152344,396.11357024267807,390.40255091976803,390.65211692803183,92968400
2023-04-28,399.22332763671875,399.23293533996696,394.904079191066,394.9616668269991,89433100
2023-05-01,398.8203125,400.8455465437123,398.58993260769745,398.7819109693187,62122300
2023-05-02,394.3377990722656,398.1579450819576,391.43911386272157,398.10993585532395,103998500
2023-05-03,391.6311340332031,397.24616414474065,391.39117573178515,394.83697342513307,91531800
2023-05-04,388.8572692871094,390.91129731617235,387.5230869408355,390.58495750937874,94901900
2023-05-05,396.0560302734375,397.10224508450085,392.2263046733684,392.4854491265273,87891800
2023-05-08,396.1615295410156,396.64144612156804,394.76018132750204,396.3823017131118,50046800
2023-05-09,394.4242858886719,395.53769601743005,394.19393527299343,394.61626426292884,49220100
2023-05-10,396.2671203613281,397.8892407221348,392.44697389350114,397.2557473304781,96142900
2023-05-11,395.5760192871094,395.86395749973974,393.502776280826,395.40325635953116,70157100
2023-05-12,395.0577392578125,397.0254148728848,392.63897016343816,396.8142503993596,70481500
2023-05-15,396.4207458496094,396.82385941720236,393.75241054660967,395.66246936913564,54289400
2023-05-16,393.77154541015625,396.23832360826236,393.7619377053924,395.3168627044219,57705500
2023-05-17,398.5515441894531,399.1562144912637,394.14591338269895,395.78721992832476,87287000
2023-05-18,402.3908996582031,402.8132286270494,398.0140624281471,398.23480532655367,97177200
2023-05-19,401.80535888671875,403.82101441184767,400.58638129995114,403.29311788250186,103793300
2023-05-22,401.9685363769531,403.50427528786696,400.586374286309,401.8245672616326,60745400
2023-05-23,397.4573669433594,401.9013998007867,397.0638317760762,400.32725913165393,86383500
2023-05-24,394.57781982421875,396.2383417764392,393.4164298740769,395.85441436146004,89213700
2023-05-25,397.9949035644531,399.4442613358205,395.844886175238,398.08128505329233,90961600
2023-05-26,403.1491394042969,403.86901432087706,398.5707454798897,398.6475192492727,93830000
2023-05-30,403.3027038574219,405.6062976614237,401.9205417166639,405.07840112218025,72216000
2023-05-31,401.0663146972656,402.3812815149699,399.50178187032054,401.4790359496369,110811800
2023-06-01,404.8768310546875,405.93265339027886,400.04887142591303,401.29664281865877,88865000
2023-06-02,410.7318420410156,411.5188830151562,406.92130300774403,407.44919955900986,91426200
2023-06-05,409.94476318359375,412.36353228842165,409.2440744066445,411.0773593229492,65460200
2023-06-06,410.8374328613281,411.3653294424387,408.87936479133043,409.5320736758542,64022200
2023-06-07,409.4168395996094,412.3635345526036,408.9945106484148,411.2309384070294,85373300
2023-06-08,411.8932189941406,412.344341762355,408.71617349799953,409.4840283285931,61952800
2023-06-09,412.6323547363281,414.6384029394871,411.64372754928246,412.6899423944636,85742800
2023-06-12,416.3756408691406,416.4524439304632,412.89147087099775,413.61134578902306,76104300
2023-06-13,419.12078857421875,419.76386044542505,417.1723282571571,417.8346155400201,95899700
2023-06-14,419.61993408203125,421.42442545450064,416.17413589387496,419.45677881703784,100612100
2023-06-15,424.82220458984375,426.06997610483035,418.7080714411939,418.8040313332803,110303100
2023-06-16,423.3751525878906,427.3732510116979,422.9030966686289,426.80484934957235,114165800
2023-06-20,421.1786193847656,422.32506614292663,419.1073181445954,421.4387558395076,76160400
2023-06-21,419.0205993652344,420.99555478179644,418.4329109170005,420.1959468611093,76982300
2023-06-22,420.5331115722656,420.6390713007603,417.72961825633774,418.06681362984074,70637200
2023-06-23,417.3539123535156,419.1362056994903,416.64100677536294,417.08416191308544,92074500
2023-06-26,415.6487121582031,418.7026693868189,415.40786249787595,416.7855154988048,72823600
2023-06-27,420.2055969238281,420.8221567639146,416.0726085341393,416.52540707007813,72813700
2023-06-28,420.4175109863281,421.4290677123489,418.509971256602,419.1265310456325,75636000
2023-06-29,422.07452392578125,422.2383146152685,419.59861200085055,420.0032229268465,67882300
2023-06-30,427.0553283691406,428.0379843526411,424.96474047999936,425.28267848094407,104964000
2023-07-03,427.54669189453125,427.82605633249915,426.4291459408796,426.70853977944085,32793400
2023-07-05,426.91082763671875,427.6430199831629,425.7258367708566,425.7354801650757,58418400
2023-07-06,423.56781005859375,423.9917077726785,421.06296794825374,423.3366038147622,80658300
2023-07-07,422.49847412109375,426.4388005460157,422.2576244540767,422.5755624788719,86134200
2023-07-10,423.56781005859375,423.7412147414674,421.5735680037754,422.1419696202549,62443500
2023-07-11,426.26531982421875,426.7566624993896,423.3558667490492,424.32890870557475,64463800
2023-07-12,429.69500732421875,431.1015903646367,428.62564905437046,430.0514894814251,91924500
2023-07-13,433.10552978515625,433.8955237982183,431.0727725814678,431.5062843686877,72425200
2023-07-14,432.83575439453125,434.83961069702235,432.07466121110787,433.9918445617416,69815800
2023-07-17,434.3386535644531,435.3887545883977,432.64306249429234,432.6912500682276,52680200
2023-07-18,437.5660400390625,438.2115006773749,433.5775554716282,434.01109662916457,80668200
2023-07-19,438.5390930175781,439.72405458332963,437.48896257877516,438.35604491544507,65891700
2023-07-20,435.62957763671875,438.44271452207744,434.91667207150675,437.5467608684042,70591600
2023-07-21,435.62957763671875,437.5467608684042,435.61996364299455,437.3444259913096,71275600
2023-07-24,437.57568359375,438.3849349409323,435.7452026173443,436.77604624077406,54023400
2023-07-25,438.7702941894531,440.0227007047043,437.2577512159894,437.3059387900186,55191200
2023-07-26,438.8376770019531,440.26348802035136,436.7856334140258,437.8357342912967,71052900
2023-07-27,435.9281921386719,442.62382369326946,435.0225951669556,442.2191833737535,92194400
2023-07-28,440.19610595703125,441.0246146496096,435.92822776892785,439.1941631701477,80011800
2023-07-31,441.03424072265625,441.39069349037516,439.35790721415856,440.66814456102355,62040400
2023-08-01,439.7721862792969,440.51399258801536,438.8184017102693,439.5698514127993,55291500
2023-08-02,433.65460205078125,436.9205079074881,432.90315234388123,436.6604008783812,93933400
2023-08-03,432.41180419921875,434.29044314301314,430.995607146359,431.6410971149184,64276100
2023-08-04,430.45611572265625,436.32320952695244,429.9358722590493,434.2230076857938,100128900
2023-08-07,434.2133483886719,434.3674956833761,431.5929031798807,432.28655130575453,58357500
2023-08-08,432.3251647949219,434.20380401220746,428.9725267488997,431.67967473239247,71361300
2023-08-09,429.4349670410156,432.75870428928835,428.6738738420237,432.59491357535535,78789600
2023-08-10,429.5890808105469,435.16716703483127,428.42337671620794,431.7856284811605,93005500
2023-08-11,429.3385925292969,430.3501787286785,427.1227874459535,427.72008989099777,68690900
2023-08-14,431.70855712890625,431.70855712890625,428.11509896255956,428.4233935882657,47867400
2023-08-15,426.6795959472656,430.29234049304716,426.1111649328765,429.9358583347008,75707500
2023-08-16,423.5485534667969,427.9223617239687,423.44256433778145,426.2653150386881,80107200
2023-08-17,420.3211975097656,425.27305119137833,419.8009540161682,425.01294414487614,95711300
2023-08-18,420.5234680175781,421.5543115245304,417.1612164787308,417.5080258452247,98852000
2023-08-21,423.259521484375,424.0013277942752,419.38666984217986,421.53502982303786,68719000
2023-08-22,422.11309814453125,425.0321947779214,421.55433988295033,425.0321947779214,64994200
2023-08-23,426.8144836425781,427.43107286328376,423.0283341735705,423.1728380844883,68441000
2023-08-24,420.89923095703125,428.9243284062607,420.8703007742917,428.41372832126285,88517300
2023-08-25,423.8664855957031,425.1477928046301,419.0783933508206,422.62369316256587,102325100
2023-08-28,426.55438232421875,427.1709421526019,423.8664919427265,426.05339622552776,61595400
2023-08-29,432.7200927734375,432.9994865828607,426.26531078000176,426.44835885508,83081900
2023-08-30,434.5024108886719,435.1382574911251,432.35402143192493,433.05731299234867,69053900
2023-08-31,433.8665771484375,436.2557869248091,433.6835290574293,435.11898360214246,66084600
2023-09-01,434.6757507324219,437.0649894821143,433.2210096589612,436.5832902552028,58944100
2023-09-05,432.79718017578125,434.55057269413254,432.72976461783867,434.23266409054196,55166200
2023-09-06,429.8876647949219,432.0938555148443,427.56587096314115,431.9878663952489,70758500
2023-09-07,428.5679016113281,429.24226303585164,426.5447585365695,426.89156794336543,70355400
2023-09-08,429.21331787109375,430.74511806057524,428.2595627004295,428.6160154651993,61659700
2023-09-11,432.0361022949219,432.34436749416994,430.12856253408137,431.83376742594476,60180100
2023-09-12,429.6661376953125,432.11317840274216,429.0881220484013,430.59102153155527,67565400
2023-09-13,430.1671142578125,431.3231749266096,428.78943192828973,429.8877204342684,60199300
2023-09-14,433.876220703125,434.569868937207,431.3328634452209,432.633457559199,83430800
2023-09-15,428.6487121582031,432.6222625307114,428.2136712808251,432.2935551441486,111848900
2023-09-18,428.9001159667969,430.1956202798295,427.8656361967372,428.3393572391215,55752200
2023-09-19,428.0106201171875,428.57137880593234,425.3326034960519,427.981617392204,66514600
2023-09-20,424.0758056640625,429.6832158729015,423.8727570723084,429.2675002876334,82562600
2023-09-21,417.0664978027344,421.49441429318694,416.91180676973505,421.233389771168,104095800
2023-09-22,416.1287536621094,419.68655933537104,415.7130085528767,418.0913502784636,100829700
2023-09-25,417.8786315917969,417.91728222441265,414.4851650567311,414.92023546020613,70874500
2023-09-26,411.73944091796875,415.54862280920696,410.90798029741677,414.84285049792544,96168400
2023-09-27,411.9037170410156,413.4699524588792,408.26858155775824,412.9091938575433,104705800
2023-09-28,414.2917785644531,415.964347748709,410.76297593705533,411.3527373620953,92258300
2023-09-29,413.2862854003906,417.5111824781116,411.7684074215334,417.3371661441051,115111300
2023-10-02,413.1219177246094,414.3690937958554,410.36654108063146,412.4548256054054,83798600
2023-10-03,407.59185791015625,413.1799422139496,406.22867088652805,410.94664397430034,103760600
2023-10-04,410.5599365234375,411.30435944495287,406.59606370497346,408.0559363281981,87453000
2023-10-05,410.4052734375,411.24638199806213,407.18585282564163,410.2699077129364,70142700
2023-10-06,415.2779846191406,416.81518828263125,406.6348172249464,407.95932437186144,113273300
2023-10-09,417.9366149902344,418.5070215863633,412.8319288458573,413.3829806224,80374400
2023-10-10,420.1119079589844,422.70291641435927,418.16863686530417,418.56502711101643,78607300
2023-10-11,421.83282470703125,422.08417183466213,418.797068320578,421.17540990507433,62451700
2023-10-12,419.26116943359375,422.8189751332802,416.9118599230101,422.4419396645169,81154200
2023-10-13,417.17279052734375,421.95844616014017,415.606584539678,420.75959814761615,95143100
2023-10-16,421.5621032714844,422.6255856986061,419.1741138914331,419.4158131019472,75433200
2023-10-17,421.5427551269531,423.5923892481788,418.09131276942526,418.4393454760135,75324700
2023-10-18,415.9256591796875,420.73064064200355,414.8428514424272,419.77352121429993,93559800
2023-10-19,412.27117919921875,418.4490253157197,411.59443909771255,416.64111990263626,121323000
2023-10-20,407.2051696777344,412.3775387523352,407.09880668145956,411.8361348739324,123919900
2023-10-23,406.4993591308594,410.3568982821464,403.9276761980999,405.67757598059893,92035100
2023-10-24,409.564208984375,410.7146997498694,406.77015155265934,408.6167373232907,78564200
2023-10-25,403.6860656738281,407.9109932440979,403.1736644565339,407.8819905149794,94223200
2023-10-26,398.85198974609375,403.47327705797994,397.9335505307934,402.6225206966068,115156800
2023-10-27,397.04412841796875,400.8339851009318,395.62293584989493,400.43759484678344,107367700
2023-10-30,401.79107666015625,402.8448816266276,398.5329761803426,399.8284803456642,86562700
2023-10-31,404.314453125,404.63348310254605,400.45691364342605,402.361504611754,79665200
2023-11-01,408.6263122558594,409.4384179741357,404.7494479004914,405.2812038082296,98068100
2023-11-02,416.4573669433594,416.61205795996426,412.3968088942919,412.416134207257,94938900
2023-11-03,420.2569580078125,421.80383898984763,418.63274625361095,418.7584345746445,100167800
2023-11-06,421.22369384765625,421.66841210779677,419.2804228673673,421.0109973746679,67831700
2023-11-07,422.42254638671875,423.0606358569916,420.0829145000172,421.2237277176419,64256100
2023-11-08,422.7319030761719,423.544008852029,420.4309219590949,423.0219303160148,61746000
2023-11-09,419.43511962890625,423.9113935278032,419.0097266771128,423.8727133946502,83174400
2023-11-10,425.9803161621094,426.2896982135309,419.4254351571336,421.5040718428815,89462200
2023-11-13,425.5743103027344,426.6764433760795,423.86309048956497,424.64619358239656,52236100
2023-11-14,433.83074951171875,435.1165763059157,431.2783917339626,431.50076562505876,97176900
2023-11-15,434.7492370605469,436.3928036457593,433.89845104016877,435.164952660045,77327600
2023-11-16,435.2809143066406,435.59994425440004,433.24095780816333,434.30444014118734,66665800
2023-11-17,435.82232666015625,436.43141334936854,434.3721314970017,435.29057073108856,83133200
2023-11-20,439.1771240234375,440.01823251915994,435.56128392675316,435.5709613361329,69936200
2023-11-21,438.2199401855469,439.05140070988807,436.9534388382608,438.13293202095787,49244600
2023-11-22,439.9118957519531,441.22675482120695,438.8194400859089,439.8732451207241,59394900
2023-11-24,440.18255615234375,440.3759273074353,439.631504418495,439.9602117787139,29737400
2023-11-27,439.3898620605469,440.3663068584605,439.0031197003399,439.55420100976517,50506000
2023-11-28,439.8248291015625,441.1203331786689,438.44231685931027,439.00304598057033,62115000
2023-11-29,439.5155029296875,443.10234049536746,439.1191421839662,441.97117519611106,63146000
2023-11-30,441.24609375,441.59415597189025,438.2876976332808,440.35665713551293,79752700
2023-12-01,443.8564758300781,444.38820233909854,440.0472935709732,440.6370255353667,89183400
2023-12-04,441.52642822265625,443.8757373404589,439.2544498661346,440.4726232624604,72430900
2023-12-05,441.439453125,442.3965725770802,439.76688393206007,440.14394887033336,69793500
2023-12-06,439.6605529785156,443.60507121667763,439.225482586349,443.57606849081975,69124700
2023-12-07,443.01531982421875,443.66305717468333,441.13973162302386,441.7391409339485,66995400
2023-12-08,444.91986083984375,445.4515872323263,442.0291185939075,442.27081777308945,83194400
2023-12-11,446.65045166015625,446.8244975103325,444.2141343049595,444.4268307846884,65002200
2023-12-12,448.6904296875,448.7871152745883,445.30664066950123,446.3024402574832,68327600
2023-12-13,454.87786865234375,455.12924524748996,448.70970069679584,449.0674107718607,93278000
2023-12-14,456.3377990722656,458.00069086527446,453.66943027540754,456.8115200961749,119026000
2023-12-15,455.5863952636719,456.9163018501235,453.7420397034311,455.7417134699126,141553700
2023-12-18,458.1491394042969,459.12957270241793,456.13006180277284,457.1881393985243,70375300
2023-12-19,460.9350891113281,461.0127630324847,458.61509172941334,458.69273602664884,55761800
2023-12-20,454.5478210449219,461.9640813854923,454.12070331796554,460.08088857770923,102921000
2023-12-21,458.8577880859375,459.1295875723286,455.1108062836296,457.52788134560456,86667500
2023-12-22,459.7799072265625,461.45925759296136,457.8870276491879,459.98374941589714,67160400
2023-12-26,461.7213439941406,462.62410332069675,460.1099508863103,460.1876248035588,55387000
2023-12-27,462.5561828613281,462.7017844285322,460.98362668768385,461.5175089754055,68000300
2023-12-28,462.73089599609375,463.5656980482324,462.31349497002446,462.9153345190397,77158100
2023-12-29,461.391357421875,463.0609913493408,459.4402073535901,462.5367960308314,122283100
2024-01-02,458.8092041015625,459.7993540123723,456.7124526493962,458.3335624378489,123623700
2024-01-03,455.0622863769531,457.39200051317124,454.4604467676884,456.6542463475319,103585900
2024-01-04,453.59649658203125,457.1687269140432,453.3732210773095,454.5866169474703,84232200
2024-01-05,454.21771240234375,456.6639075045455,452.77132456262234,453.80028176128866,86118900
2024-01-08,460.7021179199219,460.84771948944723,454.5865853845721,454.71278328613425,74879100
2024-01-09,460.0032043457031,461.02244496424106,457.54729244084217,458.05205442710235,65931400
2024-01-10,462.604736328125,463.4686883884697,459.99350610212235,460.275022232607,67310600
2024-01-11,462.40081787109375,464.1189754381304,458.43059087939,463.6044968701081,77940700
2024-01-12,462.72119140625,464.58498035155515,461.3136700813151,463.8472262405501,58026400
2024-01-16,461.0224304199219,462.6532272077025,459.2071951071508,461.34278348918724,85014900
2024-01-17,458.45977783203125,458.94513616011074,456.110630489601,458.00353981867966,68843900
2024-01-18,462.5367736816406,463.0900892897804,458.58597937392244,460.1294153145847,91856200
2024-01-19,468.30279541015625,468.5843115147551,462.5852901238366,463.66277131466796,110834500
2024-01-22,469.29302978515625,471.01118778689147,468.6426365209948,469.8366288012055,75844900
2024-01-23,470.6616516113281,470.9043307691421,468.7493682867175,469.836566173897,49945300
2024-01-24,471.1761474609375,474.45714470411593,470.6810725123754,473.52526505734005,81765000
2024-01-25,473.73883056640625,474.0106300348732,471.1761540957068,473.30199623812143,72525000
2024-01-26,473.1369934082031,474.79691054106985,472.29247468488353,473.3117152908374,76641600
2024-01-29,476.8839416503906,477.0295728420406,472.9040272208165,473.4476261562877,61322800
2024-01-30,476.5150451660156,477.22364926399433,475.757857843928,476.1946921260682,58618400
2024-01-31,468.7396545410156,474.75807991768903,468.7202212489611,474.31155855924624,126011100
2024-02-01,474.8746032714844,474.90372358641025,469.6327095934461,470.43842101293257,91891600
2024-02-02,479.873779296875,481.5239798187347,474.971642466127,475.31139921660196,99228200
2024-02-05,478.12646484375,479.90289286822576,475.87442477356564,479.2428126687566,75757100
2024-02-06,479.5146179199219,479.84465802363434,477.6411122849623,479.0680669349689,55918600
2024-02-07,483.513916015625,483.93131701939416,480.8541325434168,481.75692144262655,70556500
2024-02-08,483.7275085449219,484.1060726186496,482.69855130751233,483.513949705615,52343600
2024-02-09,486.523193359375,486.9599980744067,483.8925299274153,484.2322866772762,63979400
2024-02-12,486.30963134765625,488.75582660767503,485.59128089218916,486.49406987855394,56502300
2024-02-13,479.6116638183594,482.53353038052535,476.3500701317823,480.04849815534635,113099200
2024-02-14,483.97021484375,484.4555731763151,479.92231331563113,482.2423403647749,68387800
2024-02-15,487.3094482421875,487.4938867654942,484.19342663721847,484.6690979139186,61683000
2024-02-16,484.88275146484375,488.1443456477344,484.14499722750764,487.00862359701995,75532900
2024-02-20,482.2132263183594,483.8149029118612,479.97087316267243,483.14510603430045,71736700
2024-02-21,482.64996337890625,482.80528158044035,479.10685392666875,480.9124020985744,59293400
2024-02-22,492.638671875,493.5996718242251,488.2898508655614,489.25088043870596,76402500
2024-02-23,492.9784240722656,495.1916567031526,492.25038663284334,494.3568250348437,61321800
2024-02-26,491.1729431152344,493.85213073904663,491.04674520195,493.4152963659735,50386700
2024-02-27,492.0853576660156,492.30863314805396,489.9692025931845,491.86211180789684,48854500
2024-02-28,491.43499755859375,492.0174038220213,490.17304819868775,490.53220860244136,56506600
2024-02-29,493.2016906738281,494.8130838290683,490.5516532421677,493.1920036518268,83924800
2024-03-01,497.8320007324219,498.25911842016706,493.6676477127876,494.0753617325155,76844800
2024-03-04,497.298095703125,499.1424809176813,497.00689257657365,497.03604251314806,49799300
2024-03-05,492.3280334472656,495.7449748064334,490.1245174506037,495.29842384541166,72855600
2024-03-06,494.8227844238281,497.0748540345267,493.53174438668293,495.5993458504527,68382400
2024-03-07,499.7346496582031,500.78304025779806,494.8810662776538,498.11356939849594,58652100
2024-03-08,496.7351379394531,503.0447667007892,496.1624186562773,500.36563844693006,86532500
2024-03-11,496.3080139160156,496.8904498381802,493.6094227797772,495.53145243574386,62557200
2024-03-12,501.64697265625,502.22937893995004,495.90028750048145,498.41446966211043,73114400
2024-03-13,500.86065673828125,502.14200986510485,499.4240150117718,501.9672879725168,55104100
2024-03-14,499.87054443359375,501.9866995940405,496.8321966177629,501.831351753217,110171800
2024-03-15,496.4381103515625,498.2590153922283,494.7730358188075,496.80813351794416,107646300
2024-03-18,499.3885192871094,501.93969410963876,498.97956820958467,500.4985887866016,88893300
2024-03-19,502.1636962890625,502.44605736767124,497.6942371868493,498.6972103635703,60755300
2024-03-20,506.80841064453125,506.9447474953313,501.55028937128384,502.2221673565908,69594600
2024-03-21,508.48321533203125,510.34301859328446,508.20079481953724,509.6419595938359,60256100
2024-03-22,507.519287109375,508.8824773514824,507.2855413177628,508.39561095817277,79070800
2024-03-25,506.1169738769531,507.2659711253938,505.96114339097517,506.1461549481259,48512100
2024-03-26,505.18218994140625,507.87944816611747,504.78298573958654,507.5386061090331,65463700
2024-03-27,509.42779541015625,509.46678276035976,505.8444656756774,508.0061834942003,82999800
2024-03-28,509.3303527832031,510.8298796934876,509.04799170553036,509.46668962011773,96294900
2024-04-01,508.4441833496094,510.605900605306,507.2854391895369,510.07035956686866,62477500
2024-04-02,505.21148681640625,505.3477642225264,502.9134325371014,504.62721155274875,74230300
2024-04-03,505.76654052734375,507.2661271144131,504.07225492080545,504.1209296756727,59155800
2024-04-04,499.593017578125,510.1093183056524,499.2911628340767,509.76853565111946,96858100
2024-04-05,504.812255859375,506.7694681704287,500.50837380151097,500.94656541967566,74546500
2024-04-08,505.0945739746094,506.51624504555883,504.28641866242464,505.5133313161047,48401800
2024-04-09,505.6788635253906,507.071294128757,500.839381191466,506.82786095826793,68049200
2024-04-10,500.6154479980469,502.6018412987628,498.6388015333815,499.9922448100833,82652800
2024-04-11,504.3935852050781,505.83469071601695,498.6291037293899,502.13451800051297,70099000
2024-04-12,497.4313049316406,502.270757144988,495.70777921046096,500.8588329878134,92561100
2024-04-15,491.1994934082031,501.7644698822578,490.3523209615631,501.5989519571189,92101400
2024-04-16,490.30364990234375,493.19563735543574,489.0183155418661,491.6766166443132,73484000
2024-04-17,487.4018249511719,492.92290168590637,486.00939451097605,492.7573540743495,75910300
2024-04-18,486.39898681640625,490.8879103775737,485.4642116695209,488.79439084700124,74548100
2024-04-19,482.1534423828125,487.31421332567436,480.8875721611567,486.3210167619427,102212600
2024-04-22,486.59368896484375,489.18382142190774,482.4163675078979,484.75331996273405,67961000
2024-04-23,492.3678894042969,492.79633413093177,486.4086505723251,488.5995489497242,64633600
2024-04-24,492.1341857910156,494.04269332334195,489.9140767019127,493.2539723124738,55928100
2024-04-25,490.2646789550781,491.0241892900092,484.4222826199273,486.0678932982719,69122400
2024-04-26,494.90936279296875,496.4868049205615,492.4166096033967,493.0495298783495,64306100
2024-04-29,496.662109375,497.33398732987405,493.9259228058318,496.6913201679961,46415400
2024-04-30,488.7943115234375,496.1751917116098,488.7943115234375,495.20145909113546,77483600
2024-05-01,487.2071228027344,494.84118298455326,486.73972044696376,488.2100662136069,80242800
2024-05-02,491.76422119140625,492.6016467604268,486.4281553313073,490.9073316662554,62550200
2024-05-03,497.85980224609375,499.08668524553275,495.20150126804214,497.73321224009646,72756700
2024-05-06,503.0010986328125,503.0400265445959,499.8169737447077,500.2551653379584,47264700
2024-05-07,503.5561218261719,504.9485523975052,502.8842439138016,503.96507290224616,52561300
2024-05-08,503.604736328125,504.14027734043043,501.6085965012132,501.72543965182825,42047200
2024-05-09,506.5065002441406,506.54548758690595,503.13742328274043,503.78980752288453,43643700
2024-05-10,507.158935546875,508.91164241656554,505.94176974404485,508.10342768254765,52233200
2024-05-13,507.22705078125,508.94082976185797,506.0878002167031,508.8337334335511,36716400
2024-05-14,509.55426025390625,510.07036706182174,506.88624242560803,507.4217834719146,57535900
2024-05-15,515.8641967773438,516.1563047340521,511.38499019072265,512.0179402902028,59504900
2024-05-16,514.8026733398438,517.5583531460086,514.6565896819933,515.9614174721102,50244800
2024-05-17,515.542724609375,515.6108930215729,513.4686694664939,514.9195214966393,59187600
2024-05-20,516.1367797851562,517.5973789121299,515.2701433728218,515.6596602461204,37764200
2024-05-21,517.4026489257812,517.5584794564415,515.1728221981522,515.3773274826686,33437000
2024-05-22,515.912841796875,517.4221156794935,513.7413773413039,516.7113097871478,48390000
2024-05-23,512.1444702148438,519.0676954201629,510.93699174891134,518.9605990872589,57211200
2024-05-24,515.5330810546875,516.3412958961842,513.0403275362747,513.9848197975488,41291100
2024-05-28,515.8932495117188,516.5748741957514,513.2641596915468,516.3411878885217,36269600
2024-05-29,512.28076171875,513.4589997088932,511.56995584928654,511.871810616093,45190300
2024-05-30,508.8824768066406,511.40447087133504,507.6361297457073,510.7423397089747,46377600
2024-05-31,513.517333984375,513.6439239713764,504.7439941340697,509.8366558224101,90785800
2024-06-03,513.9360961914062,515.4064420460951,508.87267437322015,515.1240809646227,46835700
2024-06-04,514.5106811523438,515.2507275789484,511.17078482758455,512.6313840068518,34632700
2024-06-05,520.6256103515625,520.645104022442,514.8416361330836,516.8280887412405,47610400
2024-06-06,520.6159057617188,521.3559521321091,518.6879340097541,520.9275073614583,30808500
2024-06-07,519.9830932617188,522.7874486486729,518.5516750551577,519.6422511020912,43224500
2024-06-10,521.5896606445312,521.9110090941606,518.5808597177815,519.1748224338155,35686100
2024-06-11,522.845703125,522.9041247005574,518.0743898707741,520.0413486344055,36383400
2024-06-12,527.139892578125,529.8274041983666,526.1077383475028,527.4028194115604,63251300
2024-06-13,528.2012939453125,529.0581834417079,525.4164327979901,528.8829186945259,44760900
2024-06-14,528.5225830078125,528.5517640797698,525.6694943308721,526.6724673865745,40089900
2024-06-17,532.7291259765625,534.1216160104203,527.3833430672393,527.8410283318889,55839500
2024-06-18,534.0826416015625,534.2092316077063,532.3688625324717,532.7875604635906,41376400
2024-06-20,532.6317749023438,535.669816103357,530.8595742964317,535.0076850141029,70328200
2024-06-21,531.917724609375,533.0313753907063,530.4621917432297,531.8102827682807,64338600
2024-06-24,530.1885986328125,534.3012597413704,530.0713785197397,531.7418545665156,45528700
2024-06-25,532.2302856445312,532.5917242597523,529.8955424418219,531.4096852385123,37936200
2024-06-26,532.8946533203125,533.6077524053179,530.4720243887124,531.1167351250136,38550600
2024-06-27,533.7346801757812,534.3110621107577,532.0153722749866,532.7578061070262,35041500
2024-06-28,531.6343383789062,537.5542520433446,530.3937489459842,534.5063503169283,76144500
2024-07-01,532.728515625,533.2560061424955,529.9737236752046,533.0117876323043,40297800
2024-07-02,536.3135986328125,536.3135986328125,531.0775683576217,531.126400132376,40434800
2024-07-03,538.70703125,539.068469909586,535.9620173191718,536.0010708200014,32789900
2024-07-05,541.8134155273438,542.2139076372644,538.3747999305978,539.0097918869257,41488400
2024-07-08,542.4386596679688,543.3861988920726,541.3738407022457,542.5949332840256,36110500
2024-07-09,542.9661254882812,544.2946598471173,542.6730752067231,543.3959524424528,27289700
2024-07-10,548.3388671875,548.6807492045888,543.8941028470899,544.1871530936876,38701200
2024-07-11,543.6107788085938,549.3255270030801,542.9758465360856,548.4560949063842,53054200
2024-07-12,547.0396728515625,550.6345620898736,544.2653840243584,544.7342644743289,53084400
2024-07-15,548.5441284179688,551.7775792240066,546.6880438244344,549.0325654558818,40584300
2024-07-16,551.7969970703125,552.090047326324,549.1008154677004,549.8530274778409,36475300
2024-07-17,544.0601806640625,547.5476278240299,543.7377955656038,545.8771519032762,57119000
2024-07-18,539.8792724609375,546.5806748281783,537.700862061102,545.5940223403177,56270400
2024-07-19,536.2940673828125,541.2663824595259,535.2390267295067,539.644738170822,65509100
2024-07-22,541.8233032226562,542.4289604616175,538.277245078338,540.211436930268,43346700
2024-07-23,540.973388671875,543.8648979607326,540.4849516029554,541.7157629327536,34439600
2024-07-24,528.7135009765625,536.4698829953903,527.7952370228695,536.1670544374522,74515300
2024-07-25,525.9588012695312,534.7995603016705,525.0210402154329,528.8308137450439,61158300
2024-07-26,531.8493041992188,534.5357078065754,528.9675138593225,529.7392825093052,53763800
2024-07-29,532.1619262695312,534.3989464184045,530.1690650137424,533.3927971337158,39515800
2024-07-30,529.4656982421875,534.6822315404584,526.0661958644091,533.6271909452782,46853600
2024-07-31,538.0719604492188,540.6997538692295,534.9166765387299,536.2842643515584,65663400
2024-08-01,530.452392578125,542.0381046138815,526.9551667505608,539.7913062018092,76428700
2024-08-02,520.576171875,524.5715530952934,516.3755660291246,523.3602388903765,82789100
2024-08-05,505.41510009765625,511.4717311244644,498.4695101090915,499.80785259777787,146267400
2024-08-06,510.0748291015625,517.4990483238507,505.89377938390135,507.21253555376086,84826300
2024-08-07,506.6654968261719,519.2965314666948,506.0696179320819,516.2486294067602,70698300
2024-08-08,518.3782348632812,519.0033889369354,509.77197692780607,511.79405372836936,63276600
2024-08-09,520.6640625,522.1489300560904,516.3365178449808,517.5576103421191,45619600
2024-08-12,520.9376831054688,523.3407552909962,518.6713279832952,521.8559471668351,42542100
2024-08-13,529.5047607421875,529.739260585726,523.8780165940644,524.122235093717,52333100
2024-08-14,531.1752319335938,532.3572709257232,527.6291745808618,530.2960214933445,42446900
2024-08-15,540.2796630859375,540.562935056648,536.1865589989441,536.7922160560852,60846800
2024-08-16,541.4910888671875,542.1846909540823,538.5116347380534,538.6679083622046,44430700
2024-08-19,546.66845703125,546.66845703125,541.0514314058853,541.9013070349608,39121800
2024-08-20,545.779541015625,547.8700657821756,544.4412283435015,546.2191462607274,33732300
2024-08-21,547.6552124023438,549.1107454289771,541.9014090213768,546.8248931770081,41514600
2024-08-22,543.3568725585938,550.1559376249218,542.1455582382872,549.5502804647684,56121500
2024-08-23,549.1303100585938,550.0681307743154,544.4022125993778,546.5904609360616,50639400
2024-08-26,547.8211669921875,550.8690092024209,546.1214157161334,550.1559102385648,35788600
2024-08-27,548.5734252929688,549.0618623501647,545.4083627021253,546.5512887213379,32693900
2024-08-28,545.3888549804688,548.6614193309421,542.2042355425785,548.2315922971716,41066000
2024-08-29,545.4375610351562,550.6443160255352,544.294635177053,547.3522554939839,38715200
2024-08-30,550.6444091796875,551.1524028130747,544.2556737558524,547.8017316610252,62700100
2024-09-03,539.3126220703125,547.8407131286382,536.8020487007664,547.508549729637,60600100
2024-09-04,538.2088012695312,541.6083040829072,536.7532683896355,537.4761456891545,47224900
2024-09-05,536.899658203125,540.9927622926045,534.4476951362813,538.1500854338868,44264300
2024-09-06,527.8636474609375,538.8437022454943,526.9649400293706,537.2221175565589,68493800
2024-09-09,533.773681640625,535.043665505135,530.1299607989381,532.0544335310877,40445800
2024-09-10,536.0986938476562,536.4504138231891,530.8138314182086,535.6786451567546,36394600
2024-09-11,541.5985717773438,542.5168359009789,527.4730091477311,536.0108800293665,75248600
2024-09-12,546.1605224609375,546.4633510224045,539.9573366553728,542.1748597619055,51819600
2024-09-13,549.0130004882812,550.0094311099382,546.5122052774053,546.7662020730168,39310500
2024-09-16,549.8237915039062,550.0875069413107,546.9517795427174,548.7491943236346,36656100
2024-09-17,550.0484619140625,553.477299266029,547.8211605278194,552.0314851715059,49321000
2024-09-18,548.4171752929688,555.5385664291312,547.8603498689396,550.7030274298603,59044900
2024-09-19,557.7755126953125,559.6315971955383,554.9426137920285,557.8048475354702,75315500
2024-09-20,556.8113403320312,557.8500005367814,553.7933228326182,556.4096197933483,77503100
2024-09-23,558.2026977539062,558.8494456443765,556.6642942041962,557.8793836152081,44116900
2024-09-24,559.7998657226562,559.8586555458002,556.174333811357,558.9963649353333,46805700
2024-09-25,558.5653076171875,560.378103761662,557.4580492681129,559.6432009533316,38428600
2024-09-26,560.7798461914062,563.1413674659622,558.428192996937,562.8179934718497,48336000
2024-09-27,559.9664306640625,562.6610738881527,558.9375788488986,561.847824630314,42100900
2024-09-30,562.21044921875,562.8179640810873,556.6447925339722,558.9376557740085,63557400
2024-10-01,557.1738891601562,562.5043864049716,554.6066335561335,561.8576982708267,72668800
2024-10-02,557.4090576171875,558.4281611024765,553.8913563966638,556.282242548741,38097800
2024-10-03,556.3900146484375,558.3301388916863,554.106899883147,555.9392527365582,40846500
2024-10-04,561.4461669921875,561.8185225581165,556.6643942780399,560.828843806913,42939100
2024-10-07,556.370361328125,560.446655391967,555.2239297880301,559.7999074826037,49964700
2024-10-08,561.63232421875,562.2300906410503,558.0656412646009,558.9376805045769,37398700
2024-10-09,565.5224609375,566.0809942856702,561.0248291372598,561.6225357741174,37912200
2024-10-10,564.53271484375,565.9535388259317,562.9257131010544,564.1799758679994,44138100
2024-10-11,567.913330078125,568.6482329129351,564.3171624790748,564.4543586951436,42268000
2024-10-14,572.557861328125,573.4887501402064,569.0401003876937,569.5202272995722,36217200
2024-10-15,568.1092529296875,573.1261842726946,566.8941634738084,572.8224268603595,54203600
2024-10-16,570.5785522460938,571.097912292803,567.3058184280349,568.1093193754714,30725400
2024-10-17,570.6275024414062,574.3216329805343,570.4413246734956,574.1158386665669,34393700
2024-10-18,572.8224487304688,573.6063330690159,570.8528997080355,572.3128969974695,37416800
2024-10-21,571.8817138671875,573.0771269383695,568.9126781204517,572.0972566282711,36439000
2024-10-22,571.5780029296875,572.7342428128154,568.697181591541,569.3536780068462,34183800
2024-10-23,566.3552856445312,570.0004346494243,562.8571411229607,569.5594810059998,49314600
2024-10-24,567.5801391601562,568.3836400907534,564.9639018539431,568.3052337104026,34979900
2024-10-25,567.3840942382812,572.6950344865168,566.443456997856,569.8044050522926,47268200
2024-10-28,569.1381225585938,570.9802836348513,568.8343651367928,570.8528957024953,30174700
2024-10-29,570.0592041015625,571.1762108700161,566.7864107519835,568.1778099310847,42899700
2024-10-30,568.3345947265625,571.5779630983764,567.6290569957021,569.588797638648,41435800
2024-10-31,557.193603515625,564.0428890862833,556.9976174444517,563.974290971045,60182500
2024-11-01,559.5452270507812,563.9644525610958,559.1336981878939,559.8196194970722,45667500
2024-11-04,558.3399658203125,560.9758196621659,556.4586313456186,559.6823835212687,38217000
2024-11-05,565.0912475585938,565.1304208425688,559.0356559214524,559.251198693126,39478300
2024-11-06,579.1426391601562,580.014738259286,573.6064067155438,577.3397109306703,68182000
2024-11-07,583.62060546875,584.639708979933,581.063158030651,581.1415644099445,47233200
2024-11-08,586.148681640625,587.5695056932594,584.1693242787533,584.1693242787533,46444900
2024-11-11,586.7072143554688,588.0888053142032,584.9826328704219,587.7360663213191,37586800
2024-11-12,584.8847045898438,587.2265495486535,582.4056036057904,586.6288429184635,43006100
2024-11-13,585.1688232421875,587.1677373847895,582.9837313260188,585.3451927424278,47388600
2024-11-14,581.4060668945312,585.7763103260314,580.7202054727688,585.296183408181,38904100
2024-11-15,573.958984375,578.3194188381738,572.1070152959201,577.8490404616651,75988800
2024-11-18,576.3108520507812,577.6238450144261,573.5574183688442,574.4196493771738,37001700
2024-11-19,578.41748046875,579.142574989824,572.2737337790142,572.9400384688264,49412000
2024-11-20,578.6134643554688,578.8976052377521,572.8616299600318,578.495884693383,50032600
2024-11-21,581.7196044921875,583.1404284379229,575.6248397212988,581.4550801704302,46750300
2024-11-22,583.5225830078125,584.1497143652956,581.2101034094488,581.7097870344509,38226400
2024-11-25,585.501953125,588.7648782973704,583.2188384863542,587.4518855330788,42441400
2024-11-26,588.5591430664062,589.2254477201681,586.0310608458545,586.7463470552605,45621300
2024-11-27,586.7756958007812,588.7549929605899,585.2569089334798,588.3728890308719,34000200
2024-11-29,590.4208984375,591.2047827973582,587.3147260107087,587.5890586237147,30177400
2024-12-02,591.4791870117188,592.1552999944694,590.3425038316959,590.8324390421951,31746000
2024-12-03,591.75341796875,591.9983855319149,590.2150743018244,591.2439261058101,26906600
2024-12-04,595.427978515625,595.6729460981672,592.7725681970518,593.438872844782,42787600
2024-12-05,594.4481201171875,596.2314913306755,594.0953811448159,595.4279904670244,28762200
2024-12-06,595.574951171875,596.8095972909788,594.800875182747,595.212403953603,31241500
2024-12-09,592.5079956054688,595.6239761392873,591.9200973185369,595.4574149257465,34742700
2024-12-10,590.6658325195312,593.6054435570935,590.0093361336401,593.184106485161,37234500
2024-12-11,595.2320556640625,596.1825011825678,593.3114882757061,593.5858806768452,28677700
2024-12-12,592.1650390625,594.9380289691392,592.1650390625,594.369747252086,31543800
2024-12-13,592.0475463867188,594.9087513561514,590.6757038334936,594.1934650654297,35904700
2024-12-16,594.5755004882812,595.54562235978,593.0273484159295,593.8014244521054,43695200
2024-12-17,592.1257934570312,592.9880840930309,590.7540109408761,592.0278303510687,55773500
2024-12-18,574.4784545898438,594.2031909866316,574.0962907751041,591.822113059209,108248700
2024-12-19,574.302001953125,581.0631314525076,574.057034359764,579.456129686489,85919500
2024-12-20,581.199951171875,585.7225012446567,571.132257605004,571.9778279294948,125716700
2024-12-23,584.6803588867188,585.2800771480029,577.7686569320756,580.9443313472664,57635800
2024-12-24,591.1790771484375,591.2184422848073,585.4471892507113,586.0272849416975,33160100
2024-12-26,591.2184448242188,592.3392110668057,588.0133066034633,589.4093887705021,41219100
2024-12-27,584.9949951171875,587.7183905820746,580.8165297326684,587.4823797773107,64969300
2024-12-30,578.3192138671875,581.7799853973963,574.5733451400716,577.9948115421023,56578800
2024-12-31,576.21533203125,580.698577374324,574.5832389413312,579.9808236627084,57052700
2025-01-02,574.7994995117188,581.180251846637,570.7291685588775,579.4695486945864,50204000
2025-01-03,581.9865112304688,582.6255346471705,576.5594027877501,577.64092396713,37888500
2025-01-06,585.3390502929688,589.6060270134918,583.608664526265,586.2337670283534,47679400
2025-01-07,578.7223510742188,587.6888410122485,576.903513754268,587.3643786767495,60393100
2025-01-08,579.5678100585938,580.6394897953063,575.3500401020275,578.7911287868388,47304700
2025-01-10,570.7194213867188,576.0875425144147,568.8120722687759,576.0187135246937,73105000
2025-01-13,571.604248046875,571.9581742427216,565.6658729466735,566.0788468496604,47910100
2025-01-14,572.3907470703125,575.1534475548353,568.6153544470202,574.5242054496483,48420600
2025-01-15,582.802490234375,583.9429389739179,579.2827311805529,580.3937160773642,56900200
2025-01-16,581.6817626953125,584.346110636513,580.9836915331506,584.1691475266347,43319700
2025-01-17,587.521728515625,589.2717368825727,585.5848557638515,586.9121689712896,58070600
2025-01-21,592.8995971679688,592.9094384516549,588.5933154613438,590.5596519481012,42532900
2025-01-22,596.2326049804688,597.5893820777127,595.1707663809229,595.7213382459036,48196000
2025-01-23,599.4868774414062,599.4868774414062,595.3280946897063,595.6033506126263,41152100
2025-01-24,597.73681640625,600.4995770008244,596.5865262707722,599.54587252364,34604700
2025-01-27,589.2816162109375,589.5962372876534,584.6312490621345,584.7983708814467,70361100
2025-01-28,594.3449096679688,595.1805787054238,587.1972570477369,590.5105293609671,44433300
2025-01-29,591.6804809570312,593.9614384934404,589.1340487911447,593.5583059073574,37177400
2025-01-30,594.8560791015625,596.389819126707,590.6087851839717,593.7943006280343,39281300
2025-01-31,591.6903686523438,599.6933732210748,590.9333098394596,597.2747575383468,66566900
2025-02-03,587.7085571289062,590.1861005375324,580.5510628181718,582.6943625959686,65857200
2025-02-04,591.6510620117188,592.1622687341741,587.2268045597665,587.767535135661,33457800
2025-02-05,594.0499267578125,594.1974260072697,588.5049031019603,590.5302274178379,30653100
2025-02-06,596.1146240234375,596.242440705887,592.4867305159943,595.7901616750784,35771500
2025-02-07,590.6580200195312,597.8941240756534,589.9501076619601,596.6750050236558,50788500
2025-02-10,594.6693115234375,595.3083949100401,592.5948408497425,593.8631663388722,26048700
2025-02-11,595.1216430664062,595.6623736678141,592.2901133629294,592.408088766588,30056700
2025-02-12,593.2044067382812,594.3743794070193,588.4360645213627,589.1144530437037,45076100
2025-02-13,599.4672241210938,599.6737110792319,593.047165943141,594.3055902381474,40921300
2025-02-14,599.437744140625,600.7060096863363,598.8183432907158,599.6736949390985,26910400
2025-02-18,601.1975708007812,601.1975708007812,598.1399318067746,600.5978525430173,26749000
2025-02-19,602.61328125,602.9082197102092,599.3000091966954,599.8112758662747,31011100
2025-02-20,600.1062622070312,601.3843689751305,596.8028311734677,601.2467110134413,36554000
2025-02-21,589.8419799804688,600.0275889538111,589.3798596850504,599.8899309928074,76519800
2025-02-24,587.157958984375,592.8800056614799,586.4500466079941,591.8869960824046,50737200
2025-02-25,584.2378540039062,587.8264418905826,579.636634088407,587.0989070332523,58266500
2025-02-26,584.5328979492188,589.4881049123491,581.8980139327481,585.8995163780398,43321600
2025-02-27,575.2026977539062,587.9544239336753,574.8094663730844,586.8040736253654,74196700
2025-02-28,584.178955078125,584.7098443771037,572.6365684069419,575.7040488167072,88744100
2025-03-03,573.9441528320312,587.2857532860544,570.1392964764723,586.1452445030724,74249200
2025-03-04,567.1504516601562,575.5369060706639,562.6180601948478,569.9525173224438,109648200
2025-03-05,573.24609375,575.035467216836,563.434093538414,566.9833166199888,71230500
2025-03-06,563.0703125,570.4047092717689,560.5238803180225,565.7936477589768,80094900
2025-03-07,566.2261962890625,567.6714847046253,556.1094174114145,561.2907328755356,81158800
2025-03-10,551.1444091796875,559.9535572524417,546.2384097938831,558.0364273980251,99326600
2025-03-11,546.5628662109375,554.5265648872522,542.7285461144836,549.9843324603625,88102100
2025-03-12,549.4632568359375,553.631880779765,544.3704523001988,552.7077001878538,69588200
2025-03-13,542.1386108398438,549.6991769603108,540.4279077137791,549.0896174558009,74079400
2025-03-14,553.3369140625,554.3397648685512,542.2074423986709,546.7496748611676,62660300
2025-03-17,557.6039428710938,560.1208513978755,552.8846868765244,553.3172833424321,49008700
2025-03-18,551.5770874023438,555.5097605205915,549.6500559715837,555.2934322950165,66041400
2025-03-19,557.584228515625,561.3399385264869,552.1768030039566,553.3566169353411,66556000
2025-03-20,555.9718627929688,560.966374832501,553.1304918485869,553.848245552193,62958200
2025-03-21,556.1552734375,557.0526817242638,550.2878724028328,551.5205297947124,83763000
2025-03-24,566.1151733398438,567.1703352751009,562.2890000340255,562.880651498493,58766800
2025-03-25,567.4760131835938,568.4127846067184,565.73055113845,567.3181993393742,38355700
2025-03-26,560.7012939453125,568.3338979913931,559.3206937528307,567.2097001365158,51848300
2025-03-27,559.2122802734375,562.9792883535321,557.101956447335,559.3108687859911,42164200
2025-03-28,547.9506225585938,558.4134627917625,547.3688420558537,557.6837393471919,71662700
2025-03-31,551.62890625,552.9305994826874,539.282592409213,542.201546342058,95328200
2025-04-01,553.18701171875,555.1297110203275,545.9981756472096,549.715889513425,54609600
2025-04-02,556.687744140625,559.547472787333,547.1124411566806,547.3491017135567,76014500
2025-04-03,529.2537841796875,540.3673821784607,529.2537841796875,537.5470765410741,125986000
2025-04-04,498.2696533203125,518.5739803507369,498.05270443606094,516.4044915082214,217965100
2025-04-07,497.3822021484375,515.9114867336431,475.1154617622772,482.4029468413161,256611400
2025-04-08,489.591796875,517.6963548854247,482.3733480760591,514.6196468974629,165816600
2025-04-09,541.0084228515625,541.0084228515625,486.20939567811143,486.59399925019795,241867300
2025-04-10,517.3019409179688,526.0981670837639,502.25365007002944,524.7866027854379,162331200
2025-04-11,526.5321044921875,528.9875485351057,512.8545420601603,515.7537548286505,97866300
2025-04-14,531.6402587890625,536.7287027931718,526.4532262576091,536.5018528789103,68034000
2025-04-15,530.151123046875,535.6931457102869,529.3622343758641,532.1825399641931,56892900
2025-04-16,518.3668823242188,530.4272422697393,513.0713913810127,524.3033791384568,83484800
2025-04-17,519.1065063476562,523.800475242003,516.6411916080497,520.3194821276195,79868100
2025-04-21,506.7503356933594,514.4618467446136,501.40552056556845,513.9293002870572,69368100
2025-04-22,519.934814453125,521.9563602525908,511.9866431205122,512.9234746436815,75948100
2025-04-23,527.9915161132812,537.8626460694973,526.4729038847668,532.9320165359907,90590700
2025-04-24,539.1051635742188,539.8348871004667,528.0211182344198,529.2734571828396,64150400
2025-04-25,543.0004272460938,543.4047124173812,536.1468396073658,539.0657941930334,61119600
2025-04-28,543.2074584960938,545.8700106135369,537.4583875113086,543.7400050325934,47613800
2025-04-29,546.6293334960938,547.7436606136026,540.9393676118534,541.2943585019403,47775100
2025-04-30,546.84619140625,548.7987614609631,534.0068741379372,539.9729233205555,93101500
2025-05-01,550.7217407226562,556.2440822591161,550.1202183270924,552.5954041380958,63186100
2025-05-02,558.8966674804688,560.4941864598073,554.5774316657111,556.894803218062,60717300
2025-05-05,555.6917724609375,558.7882219920989,553.9068871278389,554.7648117792631,38659200
2025-05-06,551.0471801757812,555.5340413030556,549.2327420958744,550.1892553966732,48264700
2025-05-07,553.3645629882812,555.9975022415719,548.3254139860352,552.3784371058738,55588000
2025-05-08,557.2203369140625,562.3974982446085,553.9069681077176,557.3978323656503,65130800
2025-05-09,556.5103149414062,559.6264462916283,554.9522191721212,558.6205786168767,37603400
2025-05-12,574.9015502929688,574.9114211824733,569.0340889310521,573.4026196086874,78993600
2025-05-13,578.6981811523438,580.907093658496,574.7536773375426,575.3157161654024,67947200
2025-05-14,579.437744140625,580.8084133986617,577.4161378946785,579.6546629482465,66283500
2025-05-15,582.2678833007812,582.770756919371,576.9822030720642,577.4358426248243,71268100
2025-05-16,585.9559936523438,586.2518193704545,581.1042713102905,583.0469103495059,76052100
2025-05-19,586.596923828125,587.2773530559552,579.9405744991373,579.9405744991373,68168500
2025-05-20,584.6246948242188,585.8080578995526,581.419785763877,584.8614155899625,60614500
2025-05-21,574.7733154296875,584.3584902721909,573.7477661832594,580.2759146876367,95197700
2025-05-22,575.0001831054688,578.4811762683786,573.3434386116112,574.5760959985981,70860400
2025-05-23,571.0753173828125,573.7378691727489,567.6140060747297,567.988738706783,76029000
2025-05-27,582.9483642578125,583.1061179228353,570.4048112020747,577.938827709351,72588500
2025-05-28,579.5757446289062,584.545857588394,578.8460211072919,583.3526236048898,68445500
2025-05-29,581.8636474609375,584.969968506741,577.9388851521843,584.8318964184041,69973300
2025-05-30,581.2127685546875,582.9286180198035,575.1480700909575,580.7591289651484,90601200
2025-06-02,584.4866943359375,584.5655410710423,576.9428072484826,579.6053591727813,61630500
2025-06-03,587.8197631835938,588.7960181097066,583.6385391723649,584.121791379625,63606200
2025-06-04,587.6619262695312,589.6539195966438,587.2280285207049,588.6776647088699,57314200
2025-06-05,584.8218994140625,590.6893600195378,582.8496477946317,589.3383724752952,92278700
2025-06-06,590.8274536132812,592.4940086999786,588.5790577947733,590.3540722792903,66588700
2025-06-09,591.3599243164062,592.9081490758875,590.1864321834666,591.3993476813894,53016400
2025-06-10,594.7128295898438,595.0973729509094,590.7781968461302,591.8924637491524,66247000
2025-06-11,593.0166015625,596.6652790904382,590.9556323288738,595.8073544523882,73658200
2025-06-12,595.3734741210938,595.3734741210938,591.2021810906274,591.6853731206485,64129000
2025-06-13,588.7171630859375,593.499849631983,587.218232455665,590.1963519379123,89506000
2025-06-16,594.318359375,596.0638215052488,591.8924679557008,592.0700235861916,79984100
2025-06-17,589.2398681640625,593.401290785268,588.480531921813,591.8826784891205,82209400
2025-06-18,589.1510620117188,592.8785866278505,588.1944885876793,590.1371879149127,76605000
2025-06-20,587.7673950195312,592.8906208578056,586.3629131433069,591.8224395288368,94051400
2025-06-23,593.572998046875,593.9586781700418,585.403509483969,588.5189525073708,87426000
2025-06-24,600.1304321289062,601.1886530620405,596.7973078378046,597.7072691809916,67735300
2025-06-25,600.4666748046875,601.940336500435,598.903972841808,601.247995602986,62114800
2025-06-26,605.1646118164062,605.5997923429508,601.7029677445283,602.3161684365299,78548400
2025-06-27,608.1712646484375,609.6350865938839,604.1360202356653,606.1635425121184,86258400
2025-06-30,611.0791015625,612.4340832221852,608.2998981128763,610.6142811588834,92502500
2025-07-01,610.8812866210938,612.0483479268365,608.7746241554748,609.6053849111585,70030100
2025-07-02,613.6505737304688,613.6901136433279,609.8526292762224,610.4757300098587,66510400
2025-07-03,618.4869995117188,619.4167005776212,615.6088560521965,615.628656191773,51065800
2025-07-07,613.8780517578125,617.1913758193931,611.0988485499288,616.5286747873084,74814500
2025-07-08,613.5418090820312,615.2923708557059,612.7307881009865,614.5406899285775,59024600
2025-07-09,617.2210083007812,617.8737488887257,614.1055045789822,615.945166968477,66113300
2025-07-10,618.9617919921875,620.000273214104,616.1825885407072,617.3595500232223,57529000
2025-07-11,616.7857666015625,618.0121678287132,614.7187046395575,615.9154056597896,63670200
2025-07-14,617.9627685546875,618.3089087938923,614.9857451789246,616.3308265898004,51898500
2025-07-15,615.3220825195312,620.9793689858044,615.242942324076,620.6431287961128,74317300
2025-07-16,617.3792724609375,617.883693134462,611.2769051241828,616.9045519994012,88987500
2025-07-17,621.1573486328125,621.5134493059918,617.3396644874989,617.557284919235,68885700
2025-07-18,620.7025146484375,622.5717567026577,619.5947932954602,622.4036365954075,65621600
2025-07-21,621.87939453125,624.6189973413707,621.4541141003111,621.87939453125,63375000
2025-07-22,621.9684448242188,622.828905853138,619.3277216791315,622.2058050575365,60046300
2025-07-23,627.2597045898438,627.2597045898438,622.8287599296668,624.6288217656338,70511000
2025-07-24,627.4674682617188,629.1785504969665,627.0421878119985,627.6454884244192,71307100
2025-07-25,630.1181030273438,630.5928838363332,627.8829206987424,628.1301809903662,56865400
2025-07-28,629.9598388671875,631.0477599275997,628.5751571845921,630.4938993278172,54917100
2025-07-29,628.2982788085938,631.6708825055948,627.3883778702398,631.3543820995848,60556300
2025-07-30,627.5070190429688,630.6917023127537,624.6189756546709,628.9509803708415,80418900
2025-07-31,625.1531372070312,632.8379457731452,623.8574957354674,632.4522656090571,103385200
2025-08-01,614.9066162109375,619.476041722763,612.5032535330552,619.4364414435403,140103600
2025-08-04,624.2530517578125,624.3024917393647,618.7243458354196,618.813325728958,73218000
2025-08-05,621.0880737304688,625.6772386500149,620.168272806011,624.8662177521945,68051400
2025-08-06,625.8455200195312,626.4982606508958,621.2464542892866,622.1563552914652,64357500
2025-08-07,625.3212280273438,629.9993730574174,622.2156245224251,629.2674923107387,74205800
2025-08-08,630.1972045898438,630.6620853000642,626.7949007710238,627.1114011688534,64051600
2025-08-11,628.9509887695312,631.9478122276477,627.7047873460086,630.474150672182,58742300
2025-08-12,635.6467895507812,635.8050095563038,629.8114232578196,631.2949848204768,64730800
2025-08-13,637.82275390625,639.10849531226,635.6369512596368,637.8424936799373,60092800
2025-08-14,637.882080078125,638.5447207235369,635.300697252298,635.7457174616427,59327500
2025-08-15,636.3886108398438,639.0095939138803,635.4787099260534,638.9106535836406,68592500
2025-08-18,636.2501831054688,636.9425240091701,635.1424618060598,635.8150025688236,43804900
2025-08-19,632.7984008789062,637.0512656505922,631.4829592777961,636.0721245937336,69750700
2025-08-20,631.1170043945312,632.6500060324975,626.013578858981,632.3929060531275,88890300
2025-08-21,628.5850830078125,630.9785456585483,626.864161086776,629.3071240874224,54805800
2025-08-22,638.2381591796875,639.4151205943501,630.2664897119097,630.7709103705197,84083200
2025-08-25,635.4292602539062,638.218363635622,635.3105801411765,636.9820621561176,51274300
2025-08-26,638.0897216796875,638.4359222802034,634.5390979794016,635.1621986940528,51581600
2025-08-27,639.5436401367188,640.2755208793137,637.3578376120881,637.5062179210042,48341100
2025-08-28,641.8085327148438,642.3623933153343,638.267809046051,640.146950913372,61519500
2025-08-29,637.98095703125,640.7404203673219,636.0919150690585,640.374419619015,74522200
2025-09-02,633.2533569335938,633.4709169972102,627.9619508913343,630.5136938017484,81983500
2025-09-03,636.685302734375,637.1501834379544,633.4412793439511,635.6270215222661,70820900
2025-09-04,642.0064086914062,642.0361089027498,636.4579021356687,637.3579030521721,65219200
2025-09-05,640.14697265625,645.0625384730564,636.2798483910566,644.3404973975818,85178900
2025-09-08,641.7195434570312,642.718484610511,640.1370415028089,641.5118230975241,63133100
2025-09-09,643.2031860351562,643.7273464852004,640.1272219983028,641.8580441132016,66133900
2025-09-10,645.0625,647.3768223058731,643.4997982019892,646.4570213518696,78034500
2025-09-11,650.423095703125,651.115436538164,646.4273914384058,647.0108918753651,69934400
2025-09-12,650.20556640625,651.8869485652141,649.701206088218,650.3934866540098,72780100
2025-09-15,653.6671142578125,653.7956944276398,652.114372883025,652.4110731340584,63772400
2025-09-16,652.7671508789062,654.5276730798186,651.9858301119879,654.2210123755038,61169000
2025-09-17,651.9561157226562,654.4682584259048,647.1295902463727,652.7770367516476,101952200
2025-09-18,655.0023193359375,657.6035020628194,653.0341373534065,654.6363789857319,90459200
2025-09-19,658.2465209960938,659.0895125014193,654.9438659954435,656.8877828567474,97945600
2025-09-22,661.3607177734375,661.8069717744121,656.7290467709187,656.7588293222589,69452200
2025-09-23,657.7605590820312,661.856628548307,656.5406245808955,661.2416672722171,81708900
2025-09-24,655.6678466796875,659.1490153831234,654.2496039734066,659.0498612769777,68082200
2025-09-25,652.6429443359375,653.9917550046746,649.0328388399253,652.5338627083877,89622100
2025-09-26,656.3818969726562,656.9273655696547,652.4742691464395,654.0908804383538,69179200
2025-09-29,658.2266845703125,659.8135740530697,656.4216318338509,658.9010899003678,73499000
2025-09-30,660.7060546875,661.1722242194463,656.173598681204,657.4827596300943,86288000
2025-10-01,662.9574584960938,663.8698820443607,657.6117327913598,657.7208144097488,72545400
2025-10-02,663.7210693359375,665.0600128657511,661.3011766397112,664.9410037342527,56896000
2025-10-03,663.7113037109375,667.1527626006609,662.6698828508305,664.4848631838105,70494400
2025-10-06,666.0914916992188,666.9841207809839,663.9591941673339,666.1014192164715,54623300
2025-10-07,663.6220092773438,667.4602056461605,662.1839114453724,667.0138910729768,72020100
2025-10-08,667.5791625976562,667.6783772359653,663.919480237528,664.7426772273783,60702200
2025-10-09,665.6452026367188,668.4023890582872,663.7112737749407,667.9957845708525,66501900
2025-10-10,647.6542358398438,668.4122493878771,647.4757221413303,666.6071968358344,159422600
2025-10-13,657.5919189453125,659.664772492732,654.3488290056752,655.2216030747315,79560500
2025-10-14,656.78857421875,660.3590300864076,647.8030207789583,651.7701536094826,88779600
2025-10-15,659.7044067382812,664.7228272522149,653.5156893256119,661.3408732132422,81702600
2025-10-16,655.211669921875,663.215367636124,651.7106461582608,661.3408828539109,110563300
2025-10-17,658.9308471679688,660.2895852935891,652.7322022395391,654.0810128478913,96500900
2025-10-20,665.7840576171875,666.6866142382812,661.7872027532737,661.8367798071084,60493400
2025-10-21,665.7741088867188,667.4601523988813,664.4748753427003,665.9229005771253,56249000
2025-10-22,662.312744140625,666.4782452803545,657.8497201766941,666.4782452803545,80564000
2025-10-23,666.2402954101562,667.1825015615415,662.3128121266341,662.6301900162397,65604500
2025-10-24,671.6851806640625,672.8951271271609,670.0983517375236,670.9016937183009,74356500
2025-10-27,679.6094970703125,679.9070199177999,676.5151383891614,677.1201116013259,63339800
2025-10-28,681.41455078125,683.2493254549719,679.2028936555786,681.4046232640447,61738100
2025-10-29,681.7418212890625,684.0328379014793,677.2589421639235,683.0608492697363,85657100
2025-10-30,674.2440185546875,680.3037996369978,674.2440185546875,678.2805836148408,76335800
2025-10-31,676.4556884765625,679.4508932951077,673.6588524169174,679.4111832231399,87164100
2025-11-03,677.7251586914062,680.1649066224819,674.3530715971103,680.0359699637585,57315000
2025-11-04,669.691650390625,674.3728983771498,669.0371001406891,670.5544968959969,78427000
2025-11-05,672.012451171875,675.2654684624238,668.6304366940664,669.4337786331213,74402400
2025-11-06,664.80224609375,671.8141611273297,663.2252840482561,670.9116044462689,85035300
2025-11-07,665.4567260742188,665.5658682287408,655.7769731606511,662.4218719882706,100592400
2025-11-10,675.8406982421875,676.5746080726943,669.4833950163819,671.6751969912248,75842900
2025-11-11,677.387939453125,677.9532631527235,673.1530057317516,674.3630127379913,58953400
2025-11-12,677.7647705078125,679.3318048264125,675.3547447293747,679.1631581075335,62312500
2025-11-13,666.5180053710938,675.265541055433,665.0105359672095,674.9085136071693,103457800
2025-11-14,666.4088134765625,670.1081450818862,657.8199984349773,659.9126462553079,96846700
2025-11-17,660.2003173828125,668.1742931923078,656.7290761218832,664.1972328051172,90456100
2025-11-18,654.65625,659.6548153709225,650.4708935566339,656.6596108350068,114467500
2025-11-19,657.185302734375,661.856623370592,653.3371790986623,655.3505280387882,94703000
2025-11-20,647.1683349609375,670.0090710879778,646.5335791707308,667.3808213360044,165293500
2025-11-21,653.6148681640625,659.0894699034471,645.5020288545189,649.6675301260088,123956200
2025-11-24,663.2351684570312,664.5542570793402,656.1538823239337,657.2448196444445,80437900
2025-11-25,669.4735107421875,670.6537351639657,659.0200771396823,663.1360016067486,81077100
2025-11-26,674.09521484375,676.0986363282427,671.1595147067713,672.0620713400136,71879600
2025-11-28,677.7747192382812,678.0523870500939,674.9084513312986,675.2654787466182,49212000
2025-12-01,674.6803588867188,677.3779800628074,673.1629015749381,673.2323336611282,61201200
2025-12-02,675.9299926757812,678.2011542749951,673.748057660358,676.316742094939,62953800
2025-12-03,678.2706298828125,679.2822075879724,674.105128319461,674.9779023816353,57238500
2025-12-04,678.7665405273438,679.7384687237238,675.7416137771377,679.6690366334618,61970300
2025-12-05,680.0557861328125,682.7336127271673,678.9549213715281,679.8375623637357,79241000
2025-12-08,678.0127563476562,680.9980334759979,675.9696853695019,680.9484564225444,55231500
2025-12-09,677.4276123046875,679.7583392727543,676.9813582671167,677.5367544682442,58310100
2025-12-10,681.9203491210938,683.3088092137841,675.7117769038598,676.951505843926,85671300
2025-12-11,683.5072021484375,683.5865617528303,676.5647198382891,679.51034738166,86173700
2025-12-12,676.1581420898438,683.2196338188487,673.5893968987631,682.5154459360199,113160300
2025-12-15,675.1365966796875,680.1252955149479,673.6687768311533,680.1054404790556,90811000
2025-12-16,673.2918701171875,675.4837328267965,669.4338188610296,673.6488975485244,122030600
2025-12-17,665.8832397460938,674.8489377460819,665.6848710067972,674.3034691132465,110625200
2025-12-18,670.9114990234375,675.1464323222394,669.3544527925658,672.0322187932205,108650100
2025-12-19,676.9923095703125,677.4896664833268,672.8940327515619,673.0134542661981,103599500
2025-12-22,681.2098388671875,681.7370055876305,676.9922622536055,680.3245290528953,69556700
2025-12-23,684.3233032226562,684.562024812114,680.2548972126992,680.3046207584179,64840000
2025-12-24,686.7305297851562,687.1781631452748,684.164151137988,684.313382495532,39445600
2025-12-26,686.660888671875,688.0037280321676,685.6264081645946,686.989161229118,41613300
2025-12-29,684.2138671875,685.5567672531378,682.4433081832867,683.9055083361335,62559500
2025-12-30,683.3782958984375,684.9200900521846,682.9505762759469,683.8159723723246,47160700
2025-12-31,678.3152465820312,683.726492314561,678.1063955310838,683.5076844111845,74144800
2026-01-02,679.55859375,683.2390468658663,676.2263268834449,682.0852055985325,89377200
2026-01-05,684.0845947265625,685.7855773037328,682.7517121374489,682.910839643419,71927200
2026-01-06,688.1529541015625,688.6602678554459,684.1442890432024,684.2934596862484,69273800
2026-01-07,685.9347534179688,690.2916046822218,685.6761181181482,688.5309418430683,75588300
2026-01-08,685.8651123046875,686.9692300361542,683.8557710289468,685.1787573638412,64019200
2026-01-09,690.4010009765625,691.6344363504869,685.5368360184962,686.9791831428475,80125500
2026-01-12,691.4852294921875,692.410366767912,686.979207477028,687.0289310253164,63976000
2026-01-13,690.1026000976562,692.4103433578374,687.6953490317495,691.813478661017,78309700
2026-01-14,686.7105712890625,688.0633674208381,682.4134005947378,687.347202661372,94676700
2026-01-15,688.5806884765625,691.7737417111902,687.5959315038539,690.8983886882239,77862000
2026-01-16,688.0037231445312,690.5800586110835,686.4519720383781,689.9931507530615,79289200
2026-01-20,673.9981689453125,681.1501633341576,672.9934983300664,677.8874730475171,111623300
2026-01-21,681.77685546875,685.0991655259935,674.5452667925615,676.0572511802958,127844500
2026-01-22,685.3379516601562,687.476610793547,683.2888434897402,686.2033478813381,77112200
2026-01-23,685.5865478515625,687.3074439470811,683.5274830754288,684.5123006998919,63059600
2026-01-26,689.068115234375,690.4607389282814,686.2729717064406,686.8399658941375,60473800
2026-01-27,691.8134765625,692.8480177488461,689.9036431059924,690.5104039402848,55506100
2026-01-28,691.7438354492188,694.1510864943795,690.271678492269,693.3652237572153,61172200
2026-01-29,690.3711547851562,693.375209936545,681.2098793986574,692.7087686795362,97486200
2026-01-30,688.3121337890625,690.540343876794,683.4877957603626,688.1330925763239,101835100
2026-02-02,691.73388671875,693.2458711004026,685.7755608588325,685.9347490634862,79286500
2026-02-03,685.885009765625,693.2757257351432,680.4140840721383,692.529690413304,107904600
2026-02-04,682.5626831054688,687.7948875474046,678.1561081391175,686.7006659106327,105204600
2026-02-05,674.0379638671875,680.0758839506523,672.2176206040476,677.3404209861714,113610800
2026-02-06,686.96923828125,688.6503070282812,677.2508650473027,677.8576866055596,89127600
2026-02-09,690.2816162109375,692.1914496038428,684.7012866666231,685.7755337993461,73885200
2026-02-10,688.4613037109375,692.8579216647231,688.0037135108784,691.276360737094,65185700
2026-02-11,688.3021850585938,693.4547952732178,685.5368515439336,692.7087599208829,76353900
2026-02-12,677.668701171875,691.6742279947084,676.7734344520502,690.5701102294341,118829000
2026-02-13,678.1461181640625,682.6522007204912,673.9384983110481,678.0864377658819,96267500
2026-02-17,679.2402954101562,681.31927396984,672.2077222570326,676.5446598627462,81354700
2026-02-18,682.662109375,685.507036973797,679.2204384959671,680.4041503420104,73570300
2026-02-19,680.8616943359375,682.5527199680946,677.9471901363287,680.2251236342836,58649400
2026-02-20,685.7855834960938,686.4122580979458,678.126274472082,678.7131823752115,100034000
2026-02-23,678.7827758789062,686.3525334522094,676.7734345413753,684.1940214696967,90558100
2026-02-24,683.7164916992188,684.7112054782021,676.4053697086953,678.295350173768,73798700
2026-02-25,689.4859008789062,690.0130676270821,686.4519751919497,686.53156929616,56369500
2026-02-26,685.6561889648438,689.6350440416309,680.7323436648176,689.615191050754,71671000
2026-02-27,682.3637084960938,683.2291046432514,678.0367277603054,679.4790749097389,83308900
2026-03-02,682.7516479492188,684.9797970984218,674.4358553343317,675.1122534180175,87477200
2026-03-03,676.7337036132812,679.0016196644848,666.1200629162043,671.4915420947397,105003100
2026-03-04,681.50830078125,683.4579617719511,676.027417786932,678.026802327329,79182200
2026-03-05,677.7084350585938,681.9061587313661,672.0385544367263,678.4743840881955,106606500
2026-03-06,668.8256225585938,672.5358853430707,666.2194774432897,669.8501461298736,100687000
2026-03-09,674.6845092773438,676.3257505242918,658.888450195908,662.8673051642795,102667700
2026-03-10,673.6002807617188,679.7476047325034,671.1930903760745,674.1374043547928,81505300
2026-03-11,672.7548217773438,676.4849986405864,669.7806371390539,673.9982140650914,68441700
2026-03-12,662.5390625,668.0995392824933,662.3500644519811,667.6120785283837,108882200
2026-03-13,658.7890014648438,668.7859240392634,657.863924887251,665.7321452917186,97200200
2026-03-16,665.493408203125,668.5173163233716,663.5934708305671,664.8468199428278,82023100
2026-03-17,667.2440185546875,670.8747480492216,666.1598145596139,668.8355969918504,87128000
2026-03-18,657.9335327148438,666.1796881508768,657.6948111200146,664.8268919718373,82062600
2026-03-19,656.3121337890625,659.4753162945015,651.7066041735543,653.497076818377,111272500
2026-03-20,646.9034423828125,655.0025723674255,643.063298812559,654.8230422006715,163617500
2026-03-23,653.6959228515625,660.9173090129275,652.2596206790361,656.3790129905765,134802700
2026-03-24,651.5015869140625,655.3417305137531,648.2100787416998,649.6463809650626,96457500
2026-03-25,655.1322021484375,659.1917509309695,652.5588148295345,656.9774239230809,90653800
2026-03-26,643.432373046875,653.1672421520028,643.1630473705688,650.3844333840033,96494400
2026-03-27,632.4606323242188,641.0085567819559,631.4831091918358,640.8489947137006,103649400
2026-03-30,630.3460693359375,638.7245091624994,627.6630399662237,638.4651675144013,99275900
2026-03-31,648.6688842773438,649.865752001465,636.3405988140365,637.2981538716512,152534100
2026-04-01,653.5562744140625,656.8278752918841,651.3220400966815,652.219751792706,97841500
2026-04-02,654.144775390625,656.5086804928782,643.4522901873171,644.7589215344626,68358700
2026-04-06,657.23681640625,658.0247645183308,653.8356054757206,654.1746977251443,39105800
2026-04-07,657.5260009765625,657.9150134208243,649.386996170508,654.9626585699763,69980400
2026-04-08,674.27294921875,675.3402070755335,669.734652974974,674.6519776493207,93606100
2026-04-09,678.162841796875,679.4096297331154,672.0386657215836,673.1059235004034,57134400
2026-04-10,677.7140502929688,680.2774536083281,676.7066358948267,679.5692561407437,42253500
2026-04-13,684.3369750976562,684.536473353906,674.8414790590384,675.669302461078,54185800
2026-04-14,692.675537109375,692.7952238870419,685.8929616905456,685.9229138241225,63480500
2026-04-15,698.1414184570312,698.480571570673,692.4161778504387,693.4734516118131,58240400
2026-04-16,699.8569946289062,700.9741726960574,696.7350934539525,699.2585607342904,49972400
2026-04-17,708.3152465820312,710.5594650064761,703.9464965121796,704.3255249385737,70661900
2026-04-20,706.8988037109375,708.0857482546458,704.3254772575062,706.9587079747221,43546800
2026-04-21,702.2708129882812,709.4523240430285,700.8345107773317,708.4548936431559,58941400
2026-04-22,709.3825073242188,709.6218808832724,706.4001392457644,707.3278031045794,42518500
2026-04-23,706.6295776367188,710.5295037064266,700.4754491270062,707.6768673789517,56174000
2026-04-24,712.10546875,712.6340752101273,707.1881441382454,708.9236633096505,45182000
2026-04-27,713.332275390625,713.7911152864904,710.4696550399041,711.3374146094498,33135900
2026-04-28,709.8612060546875,711.0481506026886,707.4274735730012,709.9908768700561,43117400
2026-04-29,709.7515258789062,710.3699278433978,706.5497524472755,709.1729992133655,41859200
2026-04-30,716.8132934570312,717.9403946619685,708.6244289610544,712.7936806635566,67240900
2026-05-01,718.7982177734375,723.0073446973263,718.6186267345964,719.3966516418469,43049800
2026-05-04,716.1649780273438,720.2644021704073,713.152718877996,718.2196821209096,51950600
2026-05-05,721.9102172851562,723.1769124909786,719.6360467603954,719.9153564929043,36933200
2026-05-06,731.9443359375,732.7023927493656,725.9497697512824,726.288861980811,53288900
2026-05-07,729.7001342773438,734.238430329629,727.8748196364371,733.161188473549,51724600
2026-05-08,735.724609375,736.1834492768152,732.6824588199246,733.0415191543954,47227100
2026-05-11,737.4002685546875,738.8864300819614,734.5576163199453,734.5576163199453,44024000
2026-05-12,736.2831420898438,736.9414802248905,729.9494836014034,734.9964788307154,54185300
2026-05-13,740.4025268554688,741.9983910774667,733.5800764180441,736.5723674930287,44200200
2026-05-14,746.2474975585938,747.6040491923611,741.649357949993,741.7391534739264,45307600
2026-05-15,737.2706298828125,741.5496453663399,736.0637780312098,739.8838927249178,60410800
2026-05-18,736.751953125,739.5147938000424,731.5054597381557,737.9289136337939,47843900
2026-05-19,731.8446044921875,735.7545755811656,729.650306265128,732.8919551385734,54255900
2026-05-20,739.3452758789062,739.9636778498481,732.0042028263388,733.8195334397973,45768000
2026-05-21,740.8114624023438,742.9559620700644,735.1361419849363,736.7419902854853,43332200
2026-05-22,743.7239990234375,747.015507083493,742.566945697205,744.3224328967863,41762000
2026-05-26,748.6613159179688,750.1973368284331,746.4469887578754,748.0827892360243,41123600
2026-05-27,748.5316162109375,749.4492351039673,746.2973210478585,748.9505199197505,42106300
2026-05-28,752.6609497070312,753.2095851254732,747.3047533704411,748.3221518516883,41562600
2026-05-29,754.5361328125,756.1320579864754,752.7507543048832,753.9576670103595,55075700
2026-06-01,756.5908203125,758.3264003155792,752.7507376917755,753.4189990020213,43634900
2026-06-02,757.6182250976562,758.4461093852723,754.805464031348,755.0847737682097,31581900
2026-06-03,752.3018798828125,756.8501599793441,751.6336185743088,756.2018667594974,51402500
2026-06-04,755.1445922851562,756.3614281257201,749.5389775481502,750.1673635570705,49923000
2026-06-05,735.65478515625,750.8855669656407,733.6400171295905,750.3768677170906,93989400
2026-06-08,737.3204345703125,743.4247643242134,736.2931129658897,741.4498108327123,49319100
2026-06-09,735.1560668945312,744.9807928982774,720.7332622187009,741.7191759970133,87683500
2026-06-10,723.56591796875,736.4826536495077,723.4661992814284,731.5054857614351,60341300
2026-06-11,735.8642578125,738.0984921563339,722.5485255148498,726.8873842592473,86330500
2026-06-12,739.843994140625,742.5270843334097,733.1412911200548,738.8066884479139,57079500
2026-06-15,752.890380859375,754.7356026867302,749.8282623277308,749.9179969688896,60176400
2026-06-16,748.4019775390625,753.4988323298886,747.9531216783239,752.6111046530555,67093100
2026-06-17,739.0560302734375,750.217278570044,737.3204502885575,749.3594421826946,85945200
2026-06-18,746.739990234375,748.22998046875,743.8599853515625,747.760009765625,80875700
2026-06-22,744.3900146484375,750.1799926757812,743.1300048828125,747.7000122070312,46628100
2026-06-23,733.5800170898438,739.6300048828125,732.2999877929688,733.8099975585938,66846800
2026-06-24,733.239990234375,739.9500122070312,730.8400268554688,735.1699829101562,57439500
2026-06-25,734.2999877929688,739.3699951171875,729.5999755859375,738.9099731445312,53934400
2026-06-26,728.989990234375,736.530029296875,716.5800170898438,728.9500122070312,71034000
2026-06-29,741.0,741.5599975585938,732.0900268554688,736.530029296875,58035200
2026-06-30,746.77001953125,748.02001953125,740.8900146484375,741.2899780273438,55626000
2026-07-01,745.760009765625,749.4400024414062,742.3800048828125,745.0,47100900
2026-07-02,744.780029296875,751.3099975585938,740.030029296875,747.4000244140625,57447800
2026-07-06,751.280029296875,752.4099731445312,747.4099731445312,748.739990234375,50673300
2026-07-07,747.7100219726562,750.9600219726562,745.2100219726562,750.219970703125,43721500
2026-07-08,745.4000244140625,746.1500244140625,739.510009765625,743.1599731445312,43767400
2026-07-09,751.7100219726562,751.969970703125,745.5900268554688,747.3499755859375,41441700
2026-07-10,754.9500122070312,755.4199829101562,748.0999755859375,752.0499877929688,42191300
2026-07-13,749.1699829101562,753.9099731445312,748.0,752.469970703125,44013600
2026-07-14,751.8300170898438,753.3400268554688,748.6599731445312,750.9099731445312,35143100
2026-07-15,754.8099975585938,755.5800170898438,750.2000122070312,754.239990234375,43844800
2026-07-16,750.719970703125,754.5700073242188,747.8800048828125,752.760009765625,46409800
2026-07-17,743.2899780273438,747.2899780273438,740.7999877929688,742.0800170898438,62651000
2026-07-20,742.0900268554688,748.72998046875,741.510009765625,747.0599975585938,50422300
2026-07-21,748.280029296875,749.0399780273438,744.1799926757812,746.2899780273438,34324300
2026-07-22,747.4099731445312,750.02001953125,746.3699951171875,746.6199951171875,32836200
2026-07-23,738.1799926757812,742.5599975585938,735.2100219726562,739.3699951171875,55437300
2026-07-24,738.9299926757812,743.719970703125,737.2899780273438,738.510009765625,44782000
2026-07-27,739.0900268554688,745.530029296875,735.8699951171875,744.9099731445312,41461200
2026-07-28,740.8599853515625,742.7899780273438,735.97998046875,739.1900024414062,47322200
2026-07-29,729.4600219726562,742.6799926757812,729.0999755859375,739.969970703125,70697200
2026-07-30,741.6900024414062,742.4500122070312,734.5900268554688,736.0499877929688,66811300
2026-07-31,747.030029296875,748.9000244140625,737.6799926757812,744.6799926757812,62445900
2026-08-03,757.6699829101562,758.5800170898438,748.7999877929688,749.4400024414062,59834400
